NumeroInventario,Anio,DiasEnInv,Caracteristicas,PrecioVta,Origen,Ubicacion,Numero,Color,Obs_Veh
"90873","2016","","JOURNEY R/T","219900","MACROPLAZA","MACRO PLAZA","3C4PDCFG6GT222497","GRANITO","IS - KM 79,000 - GRANITO - 1 DUEÑO"
"90538","2018","","SPARK NG LTZ G"" CVT""","169900","MACROPLAZA","MACRO PLAZA","KL8CM6CA3JC446788","GRIS","BM - GRIS - 1 DUEÑO"
"90775","2021","","VECL2 VERSA SENSE CVT","289900","MACROPLAZA","MACRO PLAZA","3N1CN8AE2MK855212","BLANCO/NEGRO","IS - KM 41,000 - BLANCO - TURISMO GARGO"
"90874","2023","","ERTIGA XLT TA","329900","MACROPLAZA","MACRO PLAZA","MHYNC22S8PJ111600","BLANCO ESTELAR","IS - KM 43,000 - BLANCO ESTELAR - 1 DUEÑO"
"U4331","2023","","MARCH SENSE T/A","219900","MACROPLAZA","MACRO PLAZA","3N1AB8AE5PY201785","NEGRO/NEGRO","IS - KM 24,000 - BLANCO - PROVEEDORA NAVER"
"98097","2024","","KICKS ADVANCE CVT NEGRO","379900","NISSAUTO","MACRO PLAZA","3N8CP5HE3RL566079","GRIS OXFORD/NEGRO","ACTIVO FIJO"
"98164","2025","","V-DRIVE T/M A/C AUDIO","279900","NISSAUTO","BUSTAMANTE","3N1CN7AEXSK391917","AZUL COBALTO/NEGRO","ACTIVO FIJO"
"90872","2016","1","X-TRAIL ADVANCE 2 FILAS","229900","MACROPLAZA","MACRO PLAZA","JN8BT27T6GW019126","BLANCO/NEGRO","IS - KM 138,000 - BLANCO - 4 DUEÑOS"
"12156","2018","1","QX30 3.5 CVT PERFECTION PLUS AWD","369900","GUAYMAS","GUAYMAS","5N1AL0MM5JC534860","GRIS HUMO/BEIGE","EG - COLOR NIEBLA - 2 DUEÑOS"
"98187","2018","1","XTRAIL ADVANCE 2 FILAS","274900","NISSAUTO","NISSAUTO","JN8BT27T0JW083797","BLANCO/BEIGE","ES - BLANCO - 2 DUEÑOS"
"U4417","2021","1","VERSA ADVANCE MT","269900","GRANAUTO","GRANAUTO SEMINUEVOS","3N1CN8AE6ML906432","BLANCO/GRIS","ES - BLANCO - 1 DUEÑO"
"90871","2017","3","NP300 PICK UP TM DH AC PAQ 6VEL","249900","MACROPLAZA","MACRO PLAZA","3N6AD31A4HK847929","PLATA","IS - KM 212,000 - PLATA - 2 DUEÑOS"
"95539","2024","3","TAIGUN HIGHLINE 1.0 L TSI","419900","NOGALES NISSAUTO","NOGALES SEMINUEVOS","WVG2K4CW3RT017229","PLATA REFLEX","JD-PLATA-NOG-1 DUEÑO"
"98182","2024","3","MARCH SENSE T/M","259900","NISSAUTO","BUSTAMANTE","3N1CK3CE8RL211532","BLANCO/NEGRO","ACTIVO FIJO"
"98183","2024","3","MARCH SENSE T/M","259900","NISSAUTO","BUSTAMANTE","3N1CK3CE2RL213468","BLANCO/NEGRO","ACTIVO FIJO"
"98184","2024","3","XTRAIL PLATINUM 2 FILAS","649900","NISSAUTO","BUSTAMANTE","JN8AT3MT0RW015226","BITONO NARANJA","ACTIVO FIJO"
"90869","2017","4","SIENNA XLE","329900","MACROPLAZA","MACRO PLAZA","5TDY23DC6HS840176","BLANCO APERLADO","IS - KM 195,000 - BLANCO APERLADO - 2 DUEÑOS"
"98178","2017","4","FIESTA SEDAN S A/T","149900","NISSAUTO","NISSAUTO SEMINUEVOS","3FAFP4AJ6HM166980","BLANCO OXFORD","YV- BLANCO OXFORD- 1 DUEÑO"
"U4414","2017","4","XTRAIL EXLUSIVE 3 FILAS","249900","GRANAUTO","GRANAUTO SEMINUEVOS","JN8BT27V4HW004000","BLANCO/NEGRO","ES - BLANCO - 1 DUEÑO"
"U4405","2018","4","JETTA MK VI COMFORTLINE TIP","234900","GRANAUTO","GRANAUTO SEMINUEVOS","3VW2W2AJ4JM241162","ROJO TORNADO","ES - ROJO - 1 DUEÑO"
"U4410","2019","4","FRONTIER PRO4X 5AT 4X4","399900","GRANAUTO","GRANAUTO SEMINUEVOS","1N6AD0EV6KN752298","PLATA/ROJO","ES - PLATA - NAVER"
"U4406","2022","4","V-DRIVE T/M A/C","239900","GRANAUTO","GRANAUTO SEMINUEVOS","3N1CN7AE0NL700518","BLANCO/NEGRO","ES - BLANCO - NAVER"
"U4408","2022","4","L200 4 PTAS GLS DOB CAB 4X4 AT","539900","GRANAUTO","GRANAUTO SEMINUEVOS","MMBNLW56XNH024905","GRAPHITE GRAY METAL","ES - GRIS - NAVER"
"U4409","2022","4","VERSA SENSE CVT","264900","GRANAUTO","GRANAUTO SEMINUEVOS","3N1CN8AE4NL856308","BLANCO/NEGRO","ES - BLANCO - NAVER"
"U4407","2023","4","XPANDER CROSS LIMITED AUTO","369900","GRANAUTO","GRANAUTO SEMINUEVOS","MK2L6Y1Y6PN001928","SUNRISE ORANGE","ES - NARANJA - NAVER"
"U4411","2023","4","MARCH SENSE TM","239900","GRANAUTO","GRANAUTO SEMINUEVOS","3N1CK3CE6PL216872","BLANCO/NEGRO","ES - BLANCO - NAVER"
"U4412","2023","4","MARCH SENSE TM","239900","GRANAUTO","GRANAUTO SEMINUEVOS","3N1CK3CE8PL216825","BLANCO/NEGRO","ES - BLANCO - NAVER"
"U4413","2023","4","MIRAGE G4 GLX CVT","224900","GRANAUTO","GRANAUTO SEMINUEVOS","ML3AFT6J0PH000387","WHITE SOLID/NEGRO","ES - BLANCO - NAVER"
"98179","2024","4","BLAZER RS","819900","NISSAUTO","NISSAUTO SEMINUEVOS","3GNKB8RS5RS128544","ROJO LAVA","YV- ROJO LAVA- 1 DUEÑO"
"12154","2022","5","VERSA SENSE MT","259900","GUAYMAS","GUAYMAS","3N1CN8AE0NL858184","BLANCO/NEGRO","EG - COLOR BLANCO - 1 DUEÑO"
"U4403","2023","5","V-DRIVE T/M A/C AUDIO","259900","GRANAUTO","GRANAUTO SEMINUEVOS","3N1CN7AEXPL709200","BLANCO/NEGRO","ES - BLANCO - NAVER"
"U4404","2023","5","V-DRIVE T/M A/C AUDIO","259900","GRANAUTO","GRANAUTO SEMINUEVOS","3N1CN7AE7PL709168","BLANCO/NEGRO","ES - BLANCO - NAVER"
"98172","2019","6","KICKS EXCLUSIVE CVT AC","299900","NISSAUTO","NISSAUTO SEMINUEVOS","3N8CP5HE2KL473799","PLATA","YV- PLATA- 1 DUEÑO"
"95526","2021","6","TRANSIT COURIER VAN","269900","NOGALES NISSAUTO","MACRO PLAZA","WF0AS5T71MZX88080","BLANCO","IS - KM 180,000 - BLANCO - 1 DUEÑO"
"90246","2022","6","MARCH ADVANCE TA","239900","MORELOS","SALA MORELOS","3N1CK3CE1NL205176","PLATA/NEGRO","OV- 1 DUEÑO"
"95528","2023","6","SENTRA SENSE CVT","339900","NOGALES NISSAUTO","NOGALES NUEVOS","3N1AB8AE0PY209703","ROJO MERLOT/NEGRO","JD-ROJO-NOG-1 DUEÑO"
"90124","2025","6","RAM 1200 TRADESMAN CREW CAB MT","449900","PEÑASCO NISSAUTO","PUERTO  PEÑASCO","VYJFBTGT7S5805350","BLANCO/ GRIS","ZG - BLANCO - PCO- 1 DUEÑO"
"95515","2018","7","EQUINOX LT PAQ. B","239900","NOGALES NISSAUTO","MAGDALENA","3GNAX9EV4JS518591","BLANCO","VN-BLANCO-MAG-1 DUEÑO"
"U4400","2018","7","BEAT 5 PTAS PAQ B LT","139900","GRANAUTO","SALA USADOS AJA","MA6CB6CD9JT063977","GRIS ACERO","ES - GRIS - 1 DUEÑO"
"95522","2019","7","HR-V UNIQ CVT","289900","NISSAUTO","NISSAUTO SEMINUEVOS","3HGRU5835KM000584","PLATA LUNAR","YV- PLATA LUNAR - 1 DUEÑO"
"U4387","2020","7","KICKS EXCLUSIVE CVT","299900","GRANAUTO","GRANAUTO","3N8CP5HEXLL495499","KAD ACERO","ES - ACERO - 2 DUEÑOS"
"95514","2017","8","KICKS ADVANCE CVT A/C","219900","NOGALES NISSAUTO","NOGALES NUEVOS","3N8CP5HD5HL508027","PLATA/NEGRO","JD-PLATA-NOG-1 DUEÑO"
"90245","2020","8","X-TRAIL SENSE 2 FILAS","299900","MORELOS","SALA MORELOS","JN8BT27T5LW113279","BLANCO/NEGRO","OV-1 DUEÑO"
"98158","2020","8","VERSA ADVANCE MT","269900","NISSAUTO","NISSAUTO SEMINUEVOS","3N1CN8AE2LL907169","PLATA/GRIS","YV- PLATA/GRIS- 1 DUEÑO"
"90250","2023","8","KICKS ADVANCE CVT GRIS","349900","CANANEA NISSAUTO","CANANEA","3N8CP5HE3PL515047","GRIS OXFORD","CAN -KL -1 DUEÑO COLO GRIS KM 32127"
"95511","2023","8","V-DRIVE T/M A/C AUDIO","249900","NOGALES NISSAUTO","SEMINUEVOS  H. AJA","3N1CN7AE8PL713911","ROJO METALICO/NEGRO","ES - ROJO - 1 DUEÑO"
"98157","2023","8","PEUGEOT LANDTREK ALLURE 4P 2.4THP 210H","439900","NISSAUTO","NISSAUTO SEMINUEVOS","VR3FBTGT6P3007936","BLANCO CERAMICO","YV- BLANCO CERAMICO - 1 DUEÑO"
"95543","2025","8","V-DRIVE T/M A/C AUDIO","279900","NOGALES NISSAUTO","NISSAUTO SEMINUEVOS","3N1CN7AEXSK391254","ROJO METALICO/NEGRO","ACTIVO FIJO"
"95544","2025","8","V-DRIVE T/M A/C AUDIO","279900","NOGALES NISSAUTO","NAVOJOA SEMINUEVOS","3N1CN7AE5SK390710","ROJO METALICO/NEGRO","ACTIVO FIJO"
"98162","2025","8","MARCH SENSE T/A","289900","NISSAUTO","MACRO PLAZA","3N1CK3CE4SL203885","ROJO BURDEOS/NEGRO","ACTIVO FIJO"
"98163","2025","8","MARCH SENSE T/M","274900","NISSAUTO","BUSTAMANTE","3N1CK3CEXSL202630","ROJO BURDEOS/NEGRO","ACTIVO FIJO"
"98165","2025","8","MARCH SENSE T/A","289900","NISSAUTO","MACRO PLAZA","3N1CK3CE4SL203238","GRIS OXFORD/ NEGRO","ACITVO FIJO"
"98167","2025","8","MARCH SENSE T/A","289900","NISSAUTO","MACRO PLAZA","3N1CK3CE9SL200626","GRIS OXFORD/ NEGRO","ACTIVO FIJO"
"98168","2025","8","MARCH SENSE T/A","289900","NISSAUTO","MACRO PLAZA","3N1CK3CE5SL201952","AZUL COBALTO/NEGRO","ACTIVO FIJO"
"90666","2016","10","X-TRAIL SENSE 2 FILAS CVT","214900","CABORCA NISSAUTO","CABORCA","JN8BT27T5GW512103","BLANCO/NEGRO","FA - BLANCO - CAB - 2 DUEÑO"
"90855","2016","10","SENTRA SENSE CVT","169900","MACROPLAZA","MACRO PLAZA","3N1AB7AD8GL611287","GRIS ACERO/GRIS","IS - KM 120,000 - GRIS ACERO - NR FINANCE"
"90857","2021","10","SENTRA SENSE CVT","289900","MACROPLAZA","MACRO PLAZA","3N1AB8AE3MY326199","BLANCO/NEGRO","IS - KM 89,000 - BLANCO - NR FINANCE"
"U4394","2022","10","KICKS ADVANCE CVT NEGRO","319900","GRANAUTO","SALA USADOS AJA","3N8CP5HE3NL523856","BLANCO/NEGRO","ES - BLANCO - 1 DUEÑO"
"90854","2023","10","ALTIMA ADVANCE","459900","NISSAUTO","NISSAUTO NUEVOS","1N4BL4AP9PN418370","ROJO /NEGRO","IS - KM 1 - ROJO - ACTIVO FIJO"
"90861","2023","10","FRONTIER PRO-4X 4X4 TA","619900","MACROPLAZA","MACRO PLAZA","3N6AD33B8PK844956","BLANCO/NEGRO","IS - KM 79,000 - BLANCO - NR FINANCE"
"98152","2023","10","FRONTIER PRO-4X 4X4 TA","649900","NISSAUTO","NISSAUTO SEMINUEVOS","3N6AD33B3PK811220","GRIS/VOLCANICO","YV- GRIS/VOLCANICO - 1 DUEÑO"
"90856","2024","10","KWID BITONO","239900","MACROPLAZA","MACRO PLAZA","93Y1R5F54RJ651729","BLANCO GLACIAR","IS - KM 80,000 - BLANCO GLACIAR - NR FINANCE"
"90859","2024","10","KWID ICONIC MT","239900","MACROPLAZA","MACRO PLAZA","93Y1R5F56RJ626671","AZUL ACERO","IS - KM 46,000 - AZUL - NR FINANCE"
"98166","2025","10","V-DRIVE T/M A/C AUDIO","279900","NISSAUTO","BUSTAMANTE","3N1CN7AE8SK390023","AZUL COBALTO/NEGRO","ACTIVO FIJO"
"98151","2020","11","SENTRA ADVANCE CVT","289900","NISSAUTO","NISSAUTO SEMINUEVOS","3N1AB8AE0LY256353","GRIS/NEGRO","YV- GRIS/NEGRO - 1 DUEÑO"
"90050","2017","12","SENTRA ADVANCE CVT","194900","NAVOJOA NISSAUTO","NAVOJOA","3N1AB7AD3HL693303","PLATA/NEGRO","FD -PLATA -KM:99,576 -NAVOJOA"
"98147","2018","12","SOUL PE LX A/T","229900","NISSAUTO","NISSAUTO","KNDJN3A19J7626590","NEW VANILLA SHAKE","YV - NEW VANILLA SHAKE  - 2 DUEÑOS"
"90002","2020","12","NEW RIO LX M/T","240000","QUIROGA","QUIROGA","3KPA24AC0LE232107","SILKY SILVER","YV- SILKY SILVER - 1 DUEÑO"
"90673","2020","12","SENTRA ADVANCE CVT","319900","CABORCA NISSAUTO","CABORCA","3N1AB8AE6LY272797","PLATA /NEGRO","FA - PLATA - CAB - 1 DUEÑO"
"90242","2021","12","RANGER SA CC XLT DIESEL","489900","MORELOS","SALA MORELOS","8AF6R5DV4M6210504","BLANCO OXFORD","OV-1 DUEÑO - IVA"
"98149","2021","12","ONIX 4PTAS PAQ. G","269900","NISSAUTO","NISSAUTO","3G1MA5E53ML125463","AZUL PACIFICO","YV- AZUL PACIFICO - 2 DUEÑOS"
"90240","2023","12","T8 FRISON 4X4 DIESEL TM","389900","MORELOS","AUTO CLINICA MACRO","LJ11PABD8PC096275","ROJO","OV-1 DUEÑO-IVA"
"98146","2023","12","DODGE ATTITUDE SE MT","219900","NISSAUTO","NISSAUTO","ML3ABT6J6PH001670","ROJO","YV- ROJO - 1 DUEÑO"
"90238","2019","13","FIGO ENERGY TM 4 PTAS","189900","MORELOS","SALA MORELOS","MAJFP1M18KA195797","GRIS MERCURIO","OV- 1 DUEÑO"
"98145","2022","13","FRONTIER LE TA","449900","NISSAUTO","NISSAUTO","3N6AD33A0NK811387","GRIS/NEGRO","YV - GRIS/NEGRO -2 DUEÑOS"
"12143","2020","14","ATTITUDE SE MT","159900","GUAYMAS","GUAYMAS","ML3AB26J3LH005258","BLANCO/GRIS","EG - COLOR BLANCO - 1 DUEÑO"
"90237","2020","14","AVEO LS PTAS A""""","199900","MORELOS","AUTO CLINICA MACRO","LSGHD52H2LD111674","PLATA GALAXIA","OV-1 DUEÑO"
"95499","2020","14","VENTO COMFORTLINE EST 4P","199900","NOGALES NISSAUTO","NOGALES","MEX5H2604LT030128","PLATA REFLEX","JD-PLATA-NOG-1 DUEÑO"
"12144","2021","14","RAM 700 SLT CREW CAB 1.3 LTS","249900","GUAYMAS","GUAYMAS","9BD281H55MYV77667","BLANCO/GRIS","EG - COLOR BLANCO - 1 DUEÑO"
"12145","2021","14","RAM 700 SLT CREW CAB 1.3 LTS","249900","GUAYMAS","AUTO CLINICA MACRO","9BD281H58MYV76240","BLANCO/GRIS","EG - COLOR BLANCO - 1 DUEÑO"
"12146","2021","14","RAM 700 SLT CREW CAB 1.3 LTS","259900","GUAYMAS","AUTO CLINICA MACRO","9BD281H57MYV76049","BLANCO/GRIS","EG - COLOR BLANCO - 1 DUEÑO"
"12147","2021","14","SENTRA SR CVT","329900","GUAYMAS","GUAYMAS","3N1AB8AE7MY247196","BLANCO/NEGRO","EG - COLOR BLANCO - 1 DUEÑO"
"98144","2021","14","ONIX 4 PTAS LS PAQ B","239900","NISSAUTO","NISSAUTO","3G1MA5E25ML120254","GRIS GRAFITO","ES - GRIS - 1 DUEÑO"
"90247","2023","14","KICKS ADVANCE CVT NEGRO","349900","CANANEA NISSAUTO","CANANEA","3N8CP5HE7PL490833","GRIS/NARANJA","CAN-KL-1 DUEÑO COLOR GRIS KM 56558"
"90248","2023","14","KICKS EXCLUSIVE CVT NEGRO","389900","CANANEA NISSAUTO","CANANEA","3N8CP5HE3PL467842","PLATA","CAN-KL -1 DEUÑO COLOR PLATA KM 45535"
"12142","2017","15","KICKS EXCLUSIVE CVT","229900","GUAYMAS","GUAYMAS","3N8CP5HE4HL484666","NARANJA METALIC/NEGRO","EG - COLOR NARANJA - 1 DUEÑO"
"90236","2020","15","MAZDA 3 4P I GRAND TOURING TA","319900","MORELOS","SALA MORELOS","3MZBPCDL1LM115425","BLANCO PERLADO MICA","OV-DUEÑOS"
"90845","2021","15","AVEO 4 PTAS C","219900","MACROPLAZA","MACRO PLAZA","LSGHD52H9MD144043","GRIS SATIN","IS - KM 99,00 - GRIS SATIN - 2 DUEÑOS"
"U4388","2022","15","VERSA SENSE MT","259900","GRANAUTO","GRANAUTO","3N1CN8AE9NL853663","BLANCO/NEGRO","ES - BLANCO - 1 DUEÑO"
"90671","2022","17","KICKS PLATINUM CVT CAFE","369900","CABORCA NISSAUTO","CABORCA","3N8CP5HE6NL497561","PLATA/NEGRO","FA - PLATA - CAB - 1 DUEÑO"
"90844","2023","17","TRAVERSE  LT","789900","MACROPLAZA","MACRO PLAZA","1GNER8KW9PJ159882","BLANCO PLATINO","IS - KM 43,000 - BLANCO - 1 DUEÑO"
"95459","2021","18","SENTRA ADVANCE CVT","339900","NOGALES NISSAUTO","NOGALES","3N1AB8AE2MY272734","AZUL ELECTRICO/GRIS","YV- AZUL/NEGRO - 1 DUEÑO"
"90686","2023","18","SENTRA ADVANCE CVT","359900","AGUA PRIETA NISSAUTO","AGUA PRIETA","3N1AB8AE4PY248858","PLATA SOLAR /NEGRO","KL -AGP-1 DEUEÑO 50924 COLOR PALTA"
"90836","2023","18","CAVALIER LS","249900","MACROPLAZA","MACRO PLAZA","LSGKB5414PV022345","GRIS PLATINO","IS - KM 1 - GRIS PLATINO - LL MEX"
"90837","2023","18","CAVALIER LS","249900","MACROPLAZA","MACRO PLAZA","LSGKB5411PV022352","GRIS PLATINO","IS - KM 1 - GRIS PLATINO - LL MEX"
"90838","2023","18","ONIX LS /TA","249900","MACROPLAZA","MACRO PLAZA","LSGEN53A9PD060505","GRIS PLATINO","IS - KM 1 - GRIS PLATINO - LL MEX"
"90839","2023","18","TRACKER LS","279900","MACROPLAZA","MACRO PLAZA","93CEC76C5PB238793","PLATA BRILLANTE","IS - KM 1 - PLATA BRILLANTE - LL MEX"
"95489","2023","18","KICKS E-POWER ADVANCE","399900","NOGALES NISSAUTO","SALA MORELOS","MNTFP5CP6P6001780","ROJO METALICO/NEGRO","OV- 1 DUEÑO"
"98134","2023","18","SENTRA SR PLATINUM BITONO CVT","394900","NISSAUTO","NISSAUTO","3N1AB8AE0PY217154","BITONO MERLOT/NEGRO","YV/ BITONO MERLOT/NEGRO - 1 DUEÑO"
"90823","2024","18","CAVALIER LT","299900","MACROPLAZA","MACRO PLAZA","LSGKB5419RV000084","BLANCO BRILLANTE","IS - KM 1 - BLANCO BRILLANTE - LL MEX"
"90824","2024","18","CAVALIER PAQUETE B LT","299900","MACROPLAZA","MACRO PLAZA","LSGKB541XRV000319","BLANCO BRILLANTE","IS - KM 1 - BLANCO BRILLANTE - LL MEX"
"90825","2024","18","CAVALIER  PAQUETE B LT","299900","MACROPLAZA","MACRO PLAZA","LSGKB541XRV000174","BLANCO BRILLANTE","IS - KM 1 - BLANCO BRILLANTE - LL MEX"
"90826","2024","18","CAVALIER LT","299900","MACROPLAZA","MACRO PLAZA","LSGKB5414RV000042","BLANCO BRILLANTE","IS - KM 1 - BLANCO BRILLANTE - LL MEX"
"90829","2024","18","CAVALIER LT","299900","MACROPLAZA","MACRO PLAZA","LSGKB5414RV000252","BLANCO BRILLANTE","IS  - KM 1 - BLANCO BRILLANTE LL MEX"
"90830","2024","18","CAVALIER LT","299900","MACROPLAZA","MACRO PLAZA","LSGKB5416RV000141","BLANCO BRILLANTE","IS - KM 1 - BLANCO BRILLANTE - LL MEX"
"90831","2024","18","CAVALIER LT","299900","MACROPLAZA","MACRO PLAZA","LSGKB5417RV000181","BLANCO BRILLANTE","IS - KM 1 - BLANCO BRILLANTE - LL MEX"
"90832","2024","18","CAVALIER LT","299900","MACROPLAZA","MACRO PLAZA","LSGKB5417RV000228","BLANCO BRILLANTE","IS - KM 1 - BLANCO BRILLANTE - LL MEX"
"95531","2025","18","V-DRIVE T/M A/C AUDIO","279900","NOGALES NISSAUTO","BUSTAMANTE","3N1CN7AE1SK390056","AZUL COBALTO/NEGRO","ACTIVO FIJO"
"98131","2025","18","MARCH SENSE T/A","289900","NISSAUTO","BUSTAMANTE","3N1CK3CE5SL200185","PLATA/NEGRO","ACTIVO FIJO"
"98132","2025","18","MARCH SENSE T/A","289900","NISSAUTO","SALA NISSAUTO","3N1CK3CE9SL204899","PLATA/NEGRO","ACTIVO FIJO"
"98133","2025","18","MARCH SENSE T/A","289900","NISSAUTO","BUSTAMANTE","3N1CK3CE7SL203640","ROJO BURDEOS/NEGRO","ACTIVO FIJO"
"98136","2025","18","MARCH SENSE T/A","289900","NISSAUTO","MACRO PLAZA","3N1CK3CE9SL201369","ROJO BURDEOS/GRIS","ACTIVO FIJO"
"98137","2025","18","MARCH SENSE T/A","289900","NISSAUTO","GUAYMAS","3N1CK3CE8SL200519","PLATA/NEGRO","ACTIVO FIJO"
"12139","2017","19","SENTRA EXCLUSIVE NAVI CVT","209900","GUAYMAS","GUAYMAS","3N1AB7AE0HL686673","GRIS/NEGRO","EG - COLOR GRIS - 1 DUEÑO"
"12138","2018","19","KICKS EXCLUSIVE CVT","239900","GUAYMAS","GUAYMAS","3N8CP5HE2JL486129","NEGRO/NARANJA","EG - COLOR NEGRO - 1 DUEÑO"
"98130","2019","19","CX3 IGT 2AM","289900","NISSAUTO","NISSAUTO","JM1DKDD75K1425916","ROJO BRILLANTE","YV- ROJO BRILLANTE- 1 DUEÑO"
"90820","2020","19","BEAT LTZ C 1.2L ABS BA","179900","MACROPLAZA","MACRO PLAZA","MA6CC6CD6LT014333","NEGRO/PLATA","IS - KM 117,000 - NEGRO - NR FINANCE"
"90822","2020","19","RAM 1500 CREW CAB SLT V6 4X4 EQ","419900","MACROPLAZA","MACRO PLAZA","3C6SRBDG8LG190574","BLANCO BRILLANTE","IS - KM - BLANCO"
"U4381","2022","19","MARCH SENSE T/A","239900","GRANAUTO","MACRO PLAZA","3N1CK3CEXNL201854","BLANCO/NEGRO","IS - KM 84,000 - BLANCO - NAVER"
"90819","2024","19","OROCH  ZEN TM 2","349900","MACROPLAZA","MACRO PLAZA","93Y9S1NF4RJ835949","BLANCO GLACIAR","IS - KM 20,000 - BLANCO GLACIAR - NR FINANCE"
"12137","2017","20","MARCH SENSE T/M","139900","GUAYMAS","GUAYMAS","3N1CK3CD6HL217125","PLATA/NEGRO","EG - COLOR PLATA - 1 DUEÑO"
"90044","2020","20","LOBO 4X4 PLATINUM","689900","NAVOJOA NISSAUTO","MACRO PLAZA","1FTEW1E45LFB25616","PLATA","IS - CONSIGNA"
"90121","2020","20","VERSA PLATINUM CVT","289900","PEÑASCO NISSAUTO","PUERTO  PEÑASCO","3N1CN8AE5LL821936","PLATA/GRIS","ZG - PLATA - PCO- 3 DUEÑ"
"98125","2020","20","ACCENT 4 PUERTAS GL MANUAL 1.6L","219900","NISSAUTO","NISSAUTO","3KPC24B54LE116627","PLATA","YV- PLATA- 1 DUEÑO"
"98128","2022","20","MG5 SEDAN DEL ELEGANCE","249900","NISSAUTO","NISSAUTO","LSJA36E93NZ060684","GRIS OXFORD/NEGRO","YV- GRIS OXFORD/NEGRO - 1 DUEÑO"
"98120","2017","21","RIO SENDA T/M LX","199900","NISSAUTO","NISSAUTO","KNADM4A36H6096132","SIGNAL RED","YV- SIGNAL RED - 1 DUEÑO"
"90815","2019","21","AVEO LT 4 PTAS C","179900","GRANAUTO","MACRO PLAZA","LSGHD52H4KD133965","BLANCO","ES -  BLANCO - 1 DUEÑO"
"90668","2020","21","SENTRA ADVANCE CVT","309900","CABORCA NISSAUTO","CABORCA","3N1AB8AE3LY258470","BLANCO PERLADO/NEGRO","FA - BLANCO - CAB - 1 DUEÑO"
"95477","2017","22","XTRAIL SENSE 2 FILAS","254900","NOGALES NISSAUTO","NOGALES","JN8BT27T8HW042795","ROJO /NEGRO","JD-NOG-ROJO-1 DUEÑO"
"90042","2015","25","JOURNEY SE","170900","NAVOJOA NISSAUTO","NAVOJOA","3C4BDCAB8FT606334","ROJO ADRENAL","FD -ROJO -KM:53,437 -NAVOJOA"
"98118","2016","25","ALTIMA ADVANCE NAVI","179900","NISSAUTO","NISSAUTO","1N4AL3AP9GN300924","BLANCO/NEGRO","YV- BLANCO/NEGRO - 1 DUEÑO"
"12135","2019","25","X-TRAIL ADVANCE 2 FILAS","299900","GUAYMAS","GUAYMAS","JN8BT27T0KW100051","GRIS/ NEGRO","EG - COLOR GRIS - 1 DUEÑO"
"98106","2017","27","KICKS SENSE NEGRO","209900","NISSAUTO","NISSAUTO","3N8CP5HD1HL482011","AZUL","YV- AZUL - 1 DUEÑO"
"U4371","2017","27","MAXIMA SR","299900","GRANAUTO","GRANAUTO","1N4AA6AP7HC395908","BLANCO/NEGRO","ES - BLANCO - 1 DUEÑO"
"98104","2018","27","PARTNER 5P 1.6HDI 90HP E5 MAN 5VEL","229900","NISSAUTO","NISSAUTO","VF37H9HF6JJ531886","PLATA STANDARD","YV- PLATA SANDARD - 1 DUEÑO"
"90234","2019","27","XTRAIL SENSE 2 FILAS","299900","MORELOS","SALA MORELOS","JN8BT27T9KW097571","PLATA /NEGRO","OV-1 DUEÑO"
"U4375","2019","27","DUSTER INTENS TA 2.0 LT 2019","209900","GRANAUTO","GRANAUTO","9FBHS2FH4KM467880","ROJO FUEGO","ES - ROJO - 1 DUEÑO"
"95457","2020","27","NP300 FRONTIER PLATINUM LE TM AC 6 VEL","429900","NOGALES NISSAUTO","MAGDALENA","3N6AD33A5LK803685","PLATA/NEGRO","VN-PLATA-MAG-1 DUEÑO"
"95474","2020","27","XTRAIL ADVANCE 2 FILAS","329900","NOGALES NISSAUTO","MACRO PLAZA","JN8BT27T3LW116732","ROJO ESCARLATA/NEGRO","JD-ROJO-NOG-1 DUEÑO"
"U4373","2021","27","SENTRA SENSE CVT 2.0 LTS","289900","GRANAUTO","GRANAUTO","3N1AB8AE5MY335860","BLANCO/NEGRO","ES - BLANCO - 3 DUEÑOS"
"90807","2022","27","BRONCO SPORT BIG BEND 1.5L 4X4","489900","MACROPLAZA","MACRO PLAZA","3FMCR9B62NRD29388","PLATA POLAR","IS - KM 46,000 - NEGRO - 4 DUEÑOS"
"95462","2022","27","XTRAIL ADVANCE 2 FILAS","424900","NOGALES NISSAUTO","NOGALES","JN8BT27T3NW130908","AZUL/NEGRO","JD-AZUL-NOG-1 DUEÑO"
"90228","2024","27","VERSA SENSE CVT","309900","MORELOS","SALA MORELOS","3N1CN8AE1RL869121","AZUL ZAFIRO/NEGRO","OV-1 DUEÑO"
"98108","2024","27","SENTRA ADVANCE CVT","379900","NISSAUTO","MACRO PLAZA","3N1AB8AE9RY339448","ROJO MERLOT/NEGRO","IS - KM 1 - ROJO MERLOT - ACTIVO FIJO"
"98109","2024","27","KICKS ADVANCE CVT","379900","NISSAUTO","MACRO PLAZA","3N8CP5HE2RL566851","BLANCO PERLADO/NEGRO","IS - BLANCO ACTIVO FIJO"
"98110","2024","27","KICKS ADVANCE CVT","379900","NISSAUTO","NISSAUTO","3N8CP5HE0RL565892","GRIS OXFORD/NEGRO","IS - GRIS OXFORD - ACTIVO FIJO"
"98114","2024","27","SENTRA ADVANCE CVT","379900","NISSAUTO","NISSAUTO","3N1AB8AE7RY354059","PLATA SOLAR/NEGRO","ES - ACTIVO FIJO"
"98115","2024","27","SENTRA ADVANCE CVT","379900","NISSAUTO","MACRO PLAZA","3N1AB8AE6RY350195","ROJO MERLOT/NEGRO","ES - ACTIVO FIJO"
"98095","2021","28","RAM 2500 SLT HD 6.4L CREW CAB / V8 8AT 4","619900","NISSAUTO","NISSAUTO","3C6UR5DJ8MG584647","BLANCO BRILLANTE","YV- BLANCO BRILLANTE - 1 DUEÑO"
"90120","2022","28","KICKS PLATINUM CVT NEGRO","364900","PEÑASCO NISSAUTO","PUERTO  PEÑASCO","3N8CP5HE4NL486848","AZUL ZAFIRO/NEGRO","ZG - AZUL - PCO - 1 DUEÑO"
"98098","2024","28","KICKS ADVANCE CVT NEGRO","379900","NISSAUTO","MACRO PLAZA","3N8CP5HEXRL579122","PLATA/NEGRO","ACTIVO FIJO"
"98099","2024","28","KICKS ADVANCE CVT NEGRO","379900","NISSAUTO","MACRO PLAZA","3N8CP5HE8RL578258","PLATA/NEGRO","ACTIVO FIJO"
"98100","2024","28","SENTRA ADVANCE CVT","379900","NISSAUTO","MACRO PLAZA","3N1AB8AE1RY368751","PLATA SOLAR/NEGRO","ACTIVO FIJO"
"98101","2024","28","SENTRA ADVANCE CVT","379900","NISSAUTO","MACRO PLAZA","3N1AB8AE3RY353202","ROJO BURDEOS/NEGRO","ACTIVO FIJO"
"98092","2014","29","FIT LX MT","134900","NISSAUTO","QUIROGA","93HGE8746EZ802174","PLATA DIAMANTE","YV- PLATA DIAMANTE - 1 DUEÑO"
"95443","2018","29","KICKS ADVANCE CVT A/C MIDNIGHT","264900","NOGALES NISSAUTO","NOGALES","3N8CP5HD3JL504998","GRIS/ NEGRO","JD-GRIS-NOG-1 DUEÑO"
"90796","2020","29","1500 CREW CAB SLT V6 4X4 EQ","439900","MACROPLAZA","MACRO PLAZA","3C65RBDG7LG190565","BLANCO","IS - KM 67,000 - BLANCO - 1 DUEÑO"
"98094","2020","29","NP300 CHASIS CAB. TM DH AC 6 V. PAQ SEG.","309900","NISSAUTO","NISSAUTO","3N6AD35A6LK855744","PLATA/GRIS","YV- PLATA/GRIS - 1 DUEÑO"
"98086","2024","29","KICKS ADVANCE CVT NEGRO","379900","NISSAUTO","MACRO PLAZA","3N8CP5HE1RL577940","GRIS OXFORD/NEGRO","ACTIVO FIJO"
"98087","2024","29","KICKS ADVANCE CVT NEGRO","379900","NISSAUTO","MACRO PLAZA","3N8CP5HE5RL578220","GRIS OXFORD/NEGRO","ACTIVO FIJO"
"98088","2024","29","KICKS ADVANCE CVT NEGRO","379900","NISSAUTO","MACRO PLAZA","3N8CP5HE9RL579385","BLANCO PERLADO/NEGRO","ACTIVO FIJO"
"98089","2024","29","KICKS ADVANCE CVT NEGRO","379900","NISSAUTO","MACRO PLAZA","3N8CP5HE0RL579761","BLANCO PERLADO/NEGRO","ACTIVO FIJO"
"98090","2024","29","KICKS ADVANCE CVT NEGRO","379900","NISSAUTO","MACRO PLAZA","3N8CP5HE8RL579149","BLANCO PERLADO/NEGRO","ACTIVO FIJO"
"98091","2024","29","KICKS ADVANCE CVT NEGRO","379900","NISSAUTO","MACRO PLAZA","3N8CP5HE4RL579844","BLANCO PERLADO","ACTIVO FIJO"
"90235","2024","31","KICKS PLATINUM CVT NEGRO","399900","MORELOS","SALA MORELOS","3N8CP5HE6RL541029","BLANCO PERLADO/NEGRO","OV-1 DUEÑO"
"U4416","2021","32","ONIX 4 PTAS LT PAQ. C","209900","GRANAUTO","GUAYMAS","3G1MA5E2XML127412","GRIS/NEGRO","EG - COLOR GRIS - 1 DUEÑO"
"90787","2022","32","MG5 SEDAN COM EXCITE 1.5 LTS","239900","GRANAUTO","MACRO PLAZA","LSJA36E60NZ189603","ROJO MANCHESTER","ES - ROJO - TURISMO CARGO"
"90788","2022","32","MG5 SEDAN CON EXCITE 1.5 LTS","239900","GRANAUTO","MACRO PLAZA","LSJA36E67NZ189257","BLANCO YORK/NEGRO","ES - BLANCO - TURISMO CARGO"
"90789","2022","32","MG5 SEDAN COM EXCITE 1.5 LTS","239900","GRANAUTO","MACRO PLAZA","LSJA36E66NZ190920","BLANCO YORK/NEGRO","ES - BLANCO -  TURISMO CARGO"
"90790","2022","32","MG5 SEDAN COM EXCITE 1.5 LTS","239900","GRANAUTO","MACRO PLAZA","LSJA36E68NZ192006","GRIS OXFORD/NEGRO","ES - GRIS - TURISMO CARGO"
"90791","2022","32","MG5 SEDAN COM EXCITE 1.5 LTS","239900","GRANAUTO","MACRO PLAZA","LSJA36E6XNZ190757","GRIS OXFORD/NEGRO","ES - GRIS - TURISMO CARGO"
"90792","2022","32","MG5 SEDAN COM EXCITE 1.5 LTS","239900","GRANAUTO","MACRO PLAZA","LSJA36E69NZ189311","GRIS OXFORD/NEGRO","ES - GRIS - TURISMO CARGO"
"90758","2023","32","SENTRA SENSE CVT 2.0 LTS","339900","GRANAUTO","MACRO PLAZA","3N1AB8AE4PY212524","BLANCO PERLADO","ES - BLANCO - TURISMO CARGO"
"90759","2023","32","SENTRA SENSE CVT 2.0 LTS","339900","GRANAUTO","MACRO PLAZA","3N1AB8AE2PY213994","PLATA","ES - NEGRO - TURISMO CARGO"
"90760","2023","32","SENTRA SENSE CVT 2.0 LTS","339900","GRANAUTO","MACRO PLAZA","3N1AB8AE2PY213302","GRIS OXFORD","ES - GRIS - TURISMO CARGO"
"90783","2023","32","AVANZA XLE CVT","319900","GRANAUTO","MACRO PLAZA","MHFAB1BY9P3057026","BLANCO","ES - BLANCO - TURISMO CARGO"
"90784","2023","32","AVANZA XLE CVT","319900","GRANAUTO","MACRO PLAZA","MHFAB1BYXP3057150","BLANCO","ES - BLANCO - TURISMO CARGO"
"90785","2023","32","AVANZA XLE CVT","319900","GRANAUTO","MACRO PLAZA","MHFAB1BY8P3057244","BLANCO","ES - BLANCO - TURISMO CARGO"
"90786","2023","32","AVANZA XLE CVT","319900","GRANAUTO","MACRO PLAZA","MHFAB1BY8P3057356","BLANCO","ES - BLANCO - TURISMO CARGO"
"90793","2023","32","SENTRA SENSE CVT 2.0LTS","339900","GRANAUTO","MACRO PLAZA","3N1AB8AE2PY212019","PLATA","ES - PLATA - TURISMO CARGO"
"90680","2020","33","TRAX PAQ C  PREMIER","269900","AGUA PRIETA NISSAUTO","AGUA PRIETA","3GNCJ7EE2LL225834","PLATA","AGP-KL -2 DUEÑOS COLOR PLATA K M58810"
"95417","2023","33","XTRAIL E-POWER PLATINUM 2 FILAS","669900","NOGALES NISSAUTO","GRANAUTO","JN8CT3MT9PW001007","BITONO CHAMPAGNE/GRIS","ES - ACTIVO FIJO"
"90800","2024","33","MG5  SEDAN COM XCITE","259900","MACROPLAZA","MACRO PLAZA","LSJA36E92RZ028041","GRIS OXFORD/NEGRO","IS - KM 30,000 - GRIS OXFORD - 1 DUEÑO"
"98079","2024","33","KICKS EXCLUSIVE CVT NEGRO","399900","NISSAUTO","GRANAUTO","3N8CP5HE8RL499513","BLANCO PERLADO/NEGRO","ES - ACTIVO FIJO"
"U4352","2018","34","POLO 1.6 L","179900","GRANAUTO","GRANAUTO","MEX6G2601JT026008","PLATA REFLEX","ES - PLATA - 1 DUEÑO"
"90779","2019","34","X-TRAIL ADVANCE 2 FILAS","319900","MACROPLAZA","MACRO PLAZA","JN8BT27T3KW096111","PLATA/NEGRO","IS - KM 102,000 - PLATA - 2 DUEÑOS"
"90222","2022","34","BRONCO STP BIG BEND 4WD","489900","MORELOS","SALA MORELOS","3FMCR9B64NRD60612","AZUL GLACIAR","OV-1 DUEÑO- 9000 KM"
"U4351","2022","34","CX3 I 2AM","324900","GRANAUTO","GRANAUTO","JM1DKDB78N1605009","NEGRO CELESTE","ES - NEGRO - 1 DUEÑO"
"90753","2023","34","VERSA SENSE CVT","289900","MACROPLAZA","MACRO PLAZA","3N1CN8AE2PL855399","BLANCO/NEGRO","IS - KM 62,000 - BLANCO - TURISMO GARGO"
"90754","2023","34","VERSA SENSE CVT","289900","MACROPLAZA","MACRO PLAZA","3N1CN8AE6PL856524","BLANCO/NEGRO","IS - KM 63,000 - BLANCO - TURISMO GARGO"
"90755","2023","34","VERSA SENSE CVT","289900","MACROPLAZA","MACRO PLAZA","3N1CN8AE8PL856511","BLANCO/NEGRO","IS - KM 61,000 - BLANCO - TURISMO GARGO"
"90756","2023","34","VECL2 VERSA SENSE CVT","289900","MACROPLAZA","MACRO PLAZA","3N1CN8AE6PL858046","BLANCO/NEGRO","IS - KM 62,000 - BLANCO - TURISMO GARGO"
"90757","2023","34","VECL2  VERSA SENSE CVT","289900","MACROPLAZA","MACRO PLAZA","3N1CN8AE7PL856371","BLANCO/NEGRO","IS - KM 63,000 - BLANCO - TURISMO GARGO"
"90761","2023","34","VERSA SENSE CVT","289900","MACROPLAZA","MACRO PLAZA","3N1CN8AE2PL857895","BLANCO/NEGRO","IS - KM 61,000 -  BLANCO - TURISMO GARGO"
"90762","2023","34","VERSA SENSE CVT","289900","MACROPLAZA","MACRO PLAZA","3N1CN8AE5PL855834","BLANCO/NEGRO","IS - KM 62,000 - BLANCO - TURISMO GARGO"
"90764","2023","34","VERSA SENSE CVT","289900","MACROPLAZA","MACRO PLAZA","3N1CN8AE0PL857264","BLANCO/NEGRO","IS - KM 61,000 - BLANCO - TURISMO GARGO"
"90765","2023","34","VERSA SENSE CVT","289900","MACROPLAZA","MACRO PLAZA","3N1CN8AE2PL857296","BLANCO/NEGRO","IS - KM 62,000 - BLANCO - TURISMO GARGO"
"90766","2023","34","VERSA SENSE CVT","289900","MACROPLAZA","MACRO PLAZA","3N1CN8AE6PL852828","BLANCO/NEGRO","IS - KM 62,000 - BLANCO - TURISMO GARGO"
"90768","2023","34","VERSA SENSE CVT","289900","MACROPLAZA","MACRO PLAZA","3N1CN8AE3PL857971","BLANCO/NEGRO","IS - KM 62,000 - BLANCO - TURISMO GARGO"
"90769","2023","34","VERSA SENSE CVT","289900","MACROPLAZA","MACRO PLAZA","3N1CN8AE4PL855324","BLANCO/NEGRO","IS - KM 62,000 - BLANCO - TURISMO GARGO"
"90770","2023","34","VERSA SENSE CVT","289900","MACROPLAZA","MACRO PLAZA","3N1CN8AEXPL855246","BLANCO/NEGRO","IS - KM 62,000 - BLANCO - TURISMO GARGO"
"90772","2023","34","VERSA SENSE CVT","289900","MACROPLAZA","MACRO PLAZA","3N1CN8AE9PL857151","BLANCO/NEGRO","IS - KM 62,000 - BLANCO - TURISMO GARGO"
"90773","2023","34","VERSA SENSE CVT","289900","MACROPLAZA","MACRO PLAZA","3N1CN8AEXPL857322","BLANCO/NEGRO","IS - KM 108,000 - BLANCO - TURISMO GARGO"
"90774","2023","34","VERSA SENSE CVT","289900","MACROPLAZA","MACRO PLAZA","3N1CN8AE8PL855973","BLANCO/NEGRO","IS - KM 62,000 - BLANCO - TURISMO GARGO"
"90776","2023","34","KBCA 7 KICKS 5 PUERTAS ADVANCE 1.6 LTS C","339900","MACROPLAZA","MACRO PLAZA","3N8CP5HE1PL493775","PLATA","IS - KM 61,000 - PLATA - TURISMO GARGO"
"90777","2023","34","KBCA7 KICKS 5 PUERTAS ADVANCE 1.6 LTS CV","349900","MACROPLAZA","MACRO PLAZA","3N8CP5HE5PL493725","PLATA/GRIS","IS - KM 56,000 - PLATA - TURISMO GARGO"
"90778","2023","34","AVANZA XLE CVT","319900","MACROPLAZA","MACRO PLAZA","MHFAB1BY9P3057253","BLANCO","IS - KM 63,000 - BLANCO - TURISMO GARGO"
"95403","2019","35","KICKS ADVANCE CVT A/C NEGRO","274900","NOGALES NISSAUTO","NOGALES","3N8CP5HD2KL507490","NARANJA SOLAR/NEGRO","JD-NARANJA-NOG-1 DUEÑO"
"90728","2022","35","DODGE JOURNEY  SPORT","409900","MACROPLAZA","MACRO PLAZA","LMWDT1G81N1107956","BLANCO","IS - KM 62,000 - BLANCA - (TURISMO CARGO)"
"90729","2022","35","JOURNEY JOURNEY","409900","MACROPLAZA","MACRO PLAZA","LMWDT1G84N1090876","BLANCO/BRILLANTE","IS - KM 62,000 - BLANCO - TURISMO CARGO"
"90731","2022","35","DODGE JOURNEY SPORT","409900","MACROPLAZA","MACRO PLAZA","LMWDT1G86N1090880","BLANCO/BRILLANTE","IS - KM 61,200 - BLANCO - TURISMO GARGO"
"90732","2022","35","MG SEDAN COM EXCITE 1.5 LTS","239900","MACROPLAZA","MACRO PLAZA","LSJA36E6XNZ190581","GRIS OXFORD/NEGRO","IS - KM 63,000 - GRIS OXFORD - TURISMO GARGO"
"90733","2022","35","MG5 SEDAN COM EXCITE 105 LTS COM EXCITE","239900","MACROPLAZA","MACRO PLAZA","LSJA36E64NZ192830","GRIS OXFORD/NEGRO","IS - KM 66,000 - GRIS OXFORD - TURISMO GARGO"
"90734","2022","35","MG5 SEDAN COM EXCITE","239900","MACROPLAZA","MACRO PLAZA","LSJA36E65NZ190407","AZUL","IS - KM 63,000 - AZUL - TURISMO GARGO"
"90735","2022","35","MG5 SEDAN COM EXCITE 1.5 LTS","239900","MACROPLAZA","MACRO PLAZA","LSJA36E67NZ191042","BLANCO YORK/NEGRO","IS - KM 66,000 - BLANCO YORK - TURISMO GARGO"
"90737","2023","35","VERSA SENSE CVT","289900","MACROPLAZA","MACRO PLAZA","3N1CN8AE0PL855420","BLANCO/NEGRO","IS - KM 62,000 - BLANCO - TURISMO GARGO"
"90738","2023","35","VERSA SENSE CVT","289900","MACROPLAZA","MACRO PLAZA","3N1CN8AE5PL858071","BLANCO/NEGRO","IS - KM 62,000 - BLANCO - TURISMO GARGO"
"90739","2023","35","VERSA  SENSE CVT","289900","MACROPLAZA","MACRO PLAZA","3N1CN8AE6PL856121","BLANCO/NEGRO","IS - KM 62,000 - BLANCO - TURISMO GARGO"
"90740","2023","35","VERSA SENSE CVT","289900","MACROPLAZA","MACRO PLAZA","3N1CN8AE4PL857848","BLANCO/NEGRO","IS - KM 62,000 - BLANCO - TURISMO GARGO"
"90741","2023","35","VERSA SENSE CVT","289900","MACROPLAZA","MACRO PLAZA","3N1CN8AE1PL856155","BLANCO/NEGRO","IS - KM 62,000 - BLANCO - TURISMO GARGO"
"90742","2023","35","VERSA SENSE CVT","289900","MACROPLAZA","MACRO PLAZA","3N1CN8AE2PL855953","BLANCO/NEGRO","IS - KM 63,000 - BLANCO - TURISCO GARGO"
"90743","2023","35","VERSA SENSE CVT","289900","MACROPLAZA","MACRO PLAZA","3N1CN8AEXPL857997","BLANCO/NEGRO","IS - 61,000 - BLANCO - TURISMO GARGO"
"90744","2023","35","VERSA SENSE CVT","289900","MACROPLAZA","MACRO PLAZA","3N1CN8AE9PL857795","BLANCO/NEGRO","IS - KM 61,000 - BLANCO - TURISMO GARGO"
"90745","2023","35","VERSA SENSE CVT","289900","MACROPLAZA","MACRO PLAZA","3N1CN8AE1PL857418","BLANCO/NEGRO","IS - KM 92,000 - BLANCO - TURISMO GARGO"
"90746","2023","35","VERSA SENSE CVT","289900","MACROPLAZA","MACRO PLAZA","3N1CN8AE1PL857970","BLANCO/NEGRO","IS - KM 61,000 - BLANCO - TURISMO GARGO"
"90747","2023","35","VERSA SENSE CVT","289900","MACROPLAZA","MACRO PLAZA","3N1CN8AE5PL855364","BLANCO/NEGRO","IS - KM 63,000 - BLANCO - TURISMO GARGO"
"90748","2023","35","VERSA SENSE CVT","289900","MACROPLAZA","MACRO PLAZA","3N1CN8AE7PL855642","BLANCO/NEGRO","IS - KM 63,000 - BLANCO - TURISMO GARGO"
"90749","2023","35","VERSA SENSE CVT","289900","MACROPLAZA","MACRO PLAZA","3N1CN8AE9PL857814","GRIS OXFORD/NEGRO","IS - KM 61,000 - GRIS -OXFORD - TURISMO GARGO"
"90750","2023","35","VERSA SENSE CVT","289900","MACROPLAZA","MACRO PLAZA","3N1CN8AE3PL856691","BLANCO/NEGRO","IS - KM 61,000 - BLANCO - TURISMO GARGO"
"90282","2024","35","KICKS EXCLUSIVE E-POWER MOTOR ELECTRICO","489900","MAGDALENA NISSAUTO","QUIROGA","MNTFP5CP4R6013266","NEGRO LUNAR/NEGRO","JD-ACTIVO FIJO"
"95405","2024","35","FRONTIER PLATINUM LE TA","699900","NOGALES NISSAUTO","NOGALES","3N6AD33A5RK842110","BLANCO/NEGRO","JD-ACTIVO FIJO"
"97974","2024","35","KICKS E-POWER PLATINUM MOTOR ELECTRICO","499900","NISSAUTO","MACRO PLAZA","MNTFP5CP5R6010263","BITONO GRIS OXFORD/NEGRO","ACTIVO FIJO"
"90283","2025","35","XTRAIL PLATINUM PLUS 2 FILAS","749900","MAGDALENA NISSAUTO","MAGDALENA","JN8AT3MT4SW035338","GRIS VOLCANICO/NEGRO","JD-ACTIVO FIJO"
"U4350","2024","36","KICKS PLAY ADVANCE CVT NEGRO","399900","GRANAUTO","GRANAUTO","3N8CP5HE5RL590223","ROJO BURDEOS/NEGRO",""
"U4347","2025","36","XTRAIL E-POWER PLATINUM 2 FILAS","849900","GRANAUTO","GRANAUTO","JN8CT3MT2SW007966","CHAMPAGNE/NEGRO","ES - ACTIVO FIJO"
"U4348","2025","36","XTRAIL E-POWER PLATINUM 2 FILAS","849900","GRANAUTO","GRANAUTO","JN8CT3MT7SW008045","CHAMPAGNE/NEGRO","ES - ACTIVO FIJO"
"12123","2025","41","X-TRAIL E-POWER PLATINUM 2 FILAS","829900","GUAYMAS","GUAYMAS","JN8CT3MT2SW008003","CHAMPAGNE/NEGRO","EG - ACTIVO FIJO"
"95503","2025","41","XTRAIL E-POWER PLATINUM 2 FILAS","909900","NOGALES NISSAUTO","NOGALES","JN8CT3MT8SW008068","CHAMPAGNE/NEGRO","JD-ACTIVO FIJO"
"12121","2018","42","KICKS ADVANCE CVT","249900","GUAYMAS","GUAYMAS","3N8CP5HD9JL489245","BLANCO/NEGRO","EG - COLOR BLANCO - 1 DUEÑO"
"90679","2022","42","TRACKER C LT AUTOMATICA","299900","AGUA PRIETA NISSAUTO","AGUA PRIETA","93CEF76C9NB176819","GRIS  GRAFITO","AGP-KL 1 DEUÑO COLOR GRIS"
"90037","2023","42","GROOVE F PREMIER","308900","NAVOJOA NISSAUTO","NAVOJOA","LZWMLMGNXPF013716","AZUL PERSUASION","FD -AZUL -KM:3,745 -NAVOJOA"
"90687","2024","42","V-DRIVE T/M A/C AUDIO","269900","AGUA PRIETA NISSAUTO","MACRO PLAZA","3N1CN7AE9RK402884","BLANCO/NEGRO","JD-ACTIVO FIJO"
"90751","2025","42","XTRAIL E-POWER PLATINUM 2 FILAS","909900","MACROPLAZA","MACRO PLAZA","JN8CT3MTXSW008122","CHAMPAGNE/NEGRO","JD-ACTIVO FIJO"
"98058","2025","42","XTRAIL E-POWER PLATINUM 2 FILAS","849900","NISSAUTO","NISSAUTO","JN8CT3MTXSW007634","CHAMPAGNE/NEGRO","ACTIVO FIJO"
"98060","2025","42","XTRAIL E-POWER PLATINUM 2 FILAS","849900","NISSAUTO","NISSAUTO","JN8CT3MT0SW008095","CHAMPAGNE/NEGRO","ACTIVO FIJO"
"95377","2020","43","KICKS ADVANCE CVT A/C NEGRO","294900","NOGALES NISSAUTO","NOGALES","3N8CP5HD0LL470327","NARANJA/NEGRO","JD-NARANJA- NOG-1 DUEÑO"
"98052","2018","46","SENTRA SENSE MT","219900","NISSAUTO","NISSAUTO","3N1AB7AD2JL676594","GRIS/NEGRO","YV- GRIS/NEGRO - 2 DUEÑOS"
"90034","2023","46","GROOVE B LT","293900","NAVOJOA NISSAUTO","NAVOJOA","LZWMLMGM1PG014481","ROJO METALICO","FD - ROJO -KM:PENDIENTE -NAVOJOA"
"90010","2024","46","GROOVE E LT AT","315900","NAVOJOA NISSAUTO","NAVOJOA","LZWMLMGN7RF126347","ACERO/METALICO","NAV - PRECIO DE VENTA  $ 314,900  GARANTIA 1 AÑO"
"90032","2017","47","KICKS SENSE TM","205900","NAVOJOA NISSAUTO","NAVOJOA","3N8CP5HD3HL486240","BLANCO/NEGRO","FD -BLANCO -KM: PENDIENTE - NAVOJOA"
"98046","2019","47","NP300 FRONTIER LE","369900","NISSAUTO","NISSAUTO SEMINUEVOS","3N6AD33A5KK841660","BLANCO/NEGRO","YV- BLANCO/NEGRO - 1 DUEÑO"
"98185","2019","47","ALTIMA EXCLUSIVE TURBO","314900","NISSAUTO","SALA MORELOS","1N4AL4AP0KN327489","BLANCO/NEGRO","OV-2 DUEÑOS"
"98044","2021","47","NUEVA 2008 ACTIVE 5P 1.2 PURETECH 130HP","299900","NISSAUTO","NISSAUTO","VR3USHNL1MJ512524","METALLISEE VERNIS GRIS ARTENSE","YV- METALLISEE VERNIS GRIS ARTENSE - 1 DUEÑO"
"12114","2017","48","VERSA EXCLUSIVE AT","199900","GUAYMAS","GUAYMAS","3N1CN7AD2HK399753","BLANCO/NEGRO","EG - COLOR BLANCO - 1 DUEÑO"
"90031","2020","48","SENTRA EXCLUSIVE CVT","350900","NAVOJOA NISSAUTO","NAVOJOA","3N1AB8AE3LY262311","ROJO/NEGRO","IS - KM 1 - ROJO - NISSAUTO NAVOJOA"
"90030","2021","48","TRACKER PREMIER D","315900","NAVOJOA NISSAUTO","NAVOJOA","93CER76CXMB123603","AZUL  SANTORINI","IS - KM 1 - AZUL - NISSAUTO NAVOJOA"
"U4327","2021","48","VERSA SENSE CVT","249900","MACROPLAZA","MACRO PLAZA","3N1CN8AE1MK851328","GRIS/ NEGRO","IS - KM 104,000 - GRIS - NAVER"
"90029","2022","48","SENTRA SENSE CVT","305900","NAVOJOA NISSAUTO","NAVOJOA","3N1AB8AE9NY260551","BLANCO/NEGRO","IS - KM 1 - BLANCO - NISSAUTO NAVOJOA"
"U4328","2022","48","XPANDER 5 PTAS GLS AUTO 4 CIL","309900","MACROPLAZA","MACRO PLAZA","MK2K6Y1Y1NN000467","DIAMOND BLACK/NEGRO","IS - KM 64,000 - DIAMOND BLACK - PROVEEDORA NAVER"
"U4330","2022","48","MARCH SENSE T/A","219900","MACROPLAZA","MACRO PLAZA","3N1CK3CE9NL201747","BLANCO/NEGRO","IS - KM 91,000 - BLANCO - PROVEEDORA NAVER"
"U4333","2022","48","L200  4 PTAS GLS DOB CAB 4X4 DIESEL AT D","529900","MACROPLAZA","MACRO PLAZA","MMBNLW561NH024873","RED SOLID/NEGRO","IS - KM 63,000 - RED SOLID - PROVEEDORA NAVER"
"12110","2016","49","X-TRAIL ADVANCE 2 FILAS","219900","GUAYMAS","GUAYMAS","JN8BT27T6GW020681","BLANCO/NEGRO","EG - COLOR BLANCO - 1 DUEÑO"
"90653","2017","49","XTRAIL ADVANCE 2 FILAS","234900","CABORCA NISSAUTO","CABORCA","JN8BT27T9HW520772","GRIS/ NEGRO","FA- GRIS- CAB- 2 DUEÑOS"
"90818","2021","49","VERSA SENSE MT","259900","MACROPLAZA","NISSAUTO","3N1CN8AE7ML860741","BLANCO/NEGRO","YV- BLANCO/NEGRO - 1DUEÑO"
"U4323","2019","50","OROCH ZEN TM 2.0 LT","249900","GRANAUTO","GRANAUTO","93Y9S1MF0KJ466739","ROJO FUEGO","ES - ROJO - 1 DUEÑO"
"90712","2023","50","OROCH 1.6 LIFE MT","299900","MACROPLAZA","MACRO PLAZA","93Y9S0NF9PJ325278","BLANCO","IS - KM 48,000 - BLANCO GLACIAR - NR FINANCE MEXICO"
"98038","2024","50","DASHING SUV 1.6L AUT 8DCT. 4CIL","584900","NISSAUTO","NISSAUTO","HJRPBGGB3RB176109","BLANCO MAGNOLIA/NEGRO LAVA","YV- BLANCO MAGNOLIA/NEGRO"
"90020","2022","52","MG 5  SEDAN COM EXCITE","219900","NAVOJOA NISSAUTO","MACRO PLAZA","LSJA36E67NZ189551","BLANCO YORK/NEGRO","IS - KM 1 - BLANCO - NISSAUTO NAVOJOA"
"90014","2023","52","MIRAGE G4 GLS CVT","236900","NAVOJOA NISSAUTO","NAVOJOA","ML3AFW6J3PH001261","CERULEAN BLUE/NEGRO","IS - KM 1 - CERULEAN BLUE - NISSAUTO NAVOJOA"
"90017","2023","52","MARCH ADVANCE T/MAN","254900","NAVOJOA NISSAUTO","NAVOJOA","3N1CK3CE8PL224357","BLANCO/NEGRO","IS - KM 1 - BLANCO - NISSAUTO NAVOJOA"
"90022","2023","52","ALTIMA EXCLUSIVE TURBO","498900","NAVOJOA NISSAUTO","NAVOJOA","1N4AL4AP6PN357295","ROJO MERLOT/NEGRO","IS - KM 1 - ROJO MERLOT - NISSAUTO NAVOJOA"
"90024","2023","52","SENTRA SENSE CVT","332900","NAVOJOA NISSAUTO","NAVOJOA","3N1AB8AE0PY207384","BLANCO PERLADO/NEGRO","IS- KM 1 - BLANCO - NISSAUTO NAVOJOA"
"95353","2023","52","FRONTIER LE TM","514900","NOGALES NISSAUTO","MAGDALENA","3N6AD33A2PK879872","BLANCO/NEGRO","JD-BLANCO-MAG-1 DUEÑO"
"90015","2024","52","KWID 1.0 BITONO MT","204900","NAVOJOA NISSAUTO","NAVOJOA","93Y1R5F53RJ766600","GRIS ESTRELLA","IS - KM 1 - GRIS ESTRELLA - NISSAUTO NAVOJOA"
"U4326","2020","53","CX5  IGT","389900","GRANAUTO","MACRO PLAZA","JM3KFADLXL0784216","GRIS TITANIO","IS - KM 108,267 - GRIS TITANIO - 2 DUEÑOS"
"90011","2023","53","MIRAGE G4 GLS MT","221900","NAVOJOA NISSAUTO","NAVOJOA","ML3AFW6J5PH001973","TITANIUM GREY METAI","IS -KM 1 - TITANIUM GREY METAI - NISSAUTO NAVOJOA"
"95348","2019","54","NP300 PICK UP TM DH AC 6 VEL. PAQ.SEG","314900","NOGALES NISSAUTO","NOGALES","3N6AD31A8KK855572","BLANCO/GRIS","JD-NOG-BLANCO-1 DUEÑO"
"90706","2024","54","KWID ICONIC MT","239900","MACROPLAZA","MACRO PLAZA","93Y1R5F57RJ741490","PLATA","IS - PLATA - KM 57MIL - NR FINANCE"
"90677","2022","56","KICKS 1.6 ADVANCE AT","334900","AGUA PRIETA NISSAUTO","AGUA PRIETA","3N8CP5HE8NL513923","GRIS OXFORD /NEGRO","AGP-KL -1 DUEÑO COLOR GRIS"
"95337","2023","56","KICKS E-POWER EXCLUSIVE","439900","NOGALES NISSAUTO","NOGALES","MNTFP5CP1P6000486","PLATA QUARTZ/NEGRO","JD-PLATA-NOG-1 DUEÑO"
"90645","2016","57","X-TRAIL ADVANCE 3 FILAS","229900","CABORCA NISSAUTO","CABORCA","JN8BT27T6GW507105","BLANCO/NEGRO","FA- BLANCO- CAB- 1 DUEÑO"
"90699","2016","57","SONIC LT AUT K","129900","MACROPLAZA","MACRO PLAZA","3G1J86CC4GS591628","PLATA BRILLANTE","IS - KM 45,000 - PLATA BRILLANTE - 2 DUEÑOS"
"95318","2016","57","SENTRA EXCLUSIVE NAVI CVT","169900","NOGALES NISSAUTO","NOGALES","3N1AB7AE9GL638197","PLATA/NEGRO","JD-PLATA-NOG-2 DUEÑOS"
"98078","2017","57","KICKS SENSE T/M A/C","219900","NISSAUTO","QUIROGA","3N8CP5HD5HL482660","PLATA/NEGRO","YV- PLATA/NEGRO - 1 DUEÑO"
"95322","2020","57","SENTRA SENSE MT","279900","NOGALES NISSAUTO","NOGALES","3N1AB8AE9LY283082","BLANCO/NEGRO","JD-BLANCO-NOG-1 DUEÑO"
"U4309","2020","57","MARCH SENSE T/M","209900","GRANAUTO","NOGALES SEMINUEVOS","3N1CK3CD4LL218685","BLANCO/NEGRO","ES - BLANCO - 1 DUEÑO"
"U4310","2020","57","MARCH SENSE T/M","209900","GRANAUTO","NOGALES SEMINUEVOS","3N1CK3CD3LL250964","BLANCO/NEGRO","ES - BLANCO - 1 DUEÑO"
"90700","2021","57","KICKS 1.6 ADVANCE MT","279900","MACROPLAZA","MACRO PLAZA","3N8CP5HE5ML502781","BLANCO/NEGRO","IS - BLANCO KM86MIL - NR FINANCE"
"98020","2023","57","XTRAIL PLATINUM PLUS 2 FILAS","599900","NISSAUTO","NISSAUTO","JN8AT3MT8PW001751","BITONO AZUL/NEGRO","YV- BITONO AZUL/NEGRO -1 DUEÑO"
"90696","2024","57","KWID 1.0 ICONIC MT","239900","MACROPLAZA","MACRO PLAZA","93Y1R5F51RJ648920","ROJO","IS - ROJO - KM23MIL - NR FINANCE"
"90698","2024","57","KWID 1.0 BITONO MT","239900","MACROPLAZA","AGUA PRIETA","93Y1R5F54RJ655604","ROJO","IS - ROJO - KM18MIL - NR FINANCE"
"97988","2024","57","PATHFINDER PLATINUM 4WD","999900","NISSAUTO","MACRO PLAZA","5N1DR3MN4RC308116","AZUL LAGUNA/NEGRO","YV - UNIDAD ESTRATEGIA NAVER"
"97989","2024","57","PATHFINDER PLATINUM 3WD","999900","NISSAUTO","MACRO PLAZA","5N1DR3MN1RC301141","BLANCO ASPEN/BEIGE","YV - UNIDAD ESTRATEGIA NAVER"
"97990","2024","57","PATHFINDER PLATINUM 4WD","999900","NISSAUTO","NISSAUTO","5N1DR3MNXRC235947","AZUL LAGUNA/NEGRO","YV - UNIDAD ESTRATEGIA NAVER"
"97991","2024","57","PATHFINDER EXCLUSIVE","959900","NISSAUTO","NISSAUTO","5N1DR3MLXRC278215","BLANCO ASPEN/BEIGE","YV - UNIDAD ESTRATEGIA NAVER"
"97992","2024","57","PATHFINDER PLATINUM 4WD","999900","NISSAUTO","MACRO PLAZA","5N1DR3MNXRC314423","BLANCO ASPEN/BEIGE","YV - UNIDAD ESTRATEGIA NAVER"
"97993","2024","57","PATHFINDER EXCLUSIVE","959900","NISSAUTO","NISSAUTO","5N1DR3ML6RC270967","BLANCO ASPEN/BEIGE","YV - UNIDAD ESTRATEGIA NAVER"
"97994","2024","57","PATHFINDER PLATINUM 4WD","999900","NISSAUTO","GUAYMAS","5N1DR3MNXRC299227","GRIS OXFORD/GRIS","YV - UNIDAD ESTRATEGIA NAVER"
"97995","2024","57","PATHFINDER PLATINUM 4WD","999900","NISSAUTO","MACRO PLAZA","5N1DR3MN5RC297594","BLANCO ASPEN/BEIGE","YV - UNIDAD ESTRATEGIA NAVER"
"97996","2024","57","PATHFINDER PLATINUM 4WD","999900","NISSAUTO","CABORCA","5N1DR3MNXRC278281","BLANCO ASPEN/BEIGE","YV - UNIDAD ESTRATEGIA NAVER"
"97997","2024","57","PATHFINDER PLATINUM 4WD","999900","NISSAUTO","MACRO PLAZA","5N1DR3MN9RC247362","AZUL LAGUNA/NEGRO","YV - UNIDAD ESTRATEGIA NAVER"
"U4368","2019","59","RAM 1500 CREW CAB LIMITED 4X4 V8","789900","GRANAUTO","GRANAUTO","1C6SRFHT9KN605566","AZUL ACERO","ES - AZUL - 2 DUEÑOS"
"90688","2021","59","VENTO STARLINE TIPTRONIC AT","239900","MACROPLAZA","MACRO PLAZA","MEX5A2608MT146082","PLATA REFLEX","IS - KM 46,000 - PLATA REFLEX - OPTIMA"
"90686","2023","59","DUSTER ICONIC CVT","299900","MACROPLAZA","MACRO PLAZA","93YHSCCX0PJ362387","ROJO FUEGO","IS - KM 28,000 - ROJO FUEGO - 1 DUEÑO"
"98012","2023","59","NEW RIO PE LX A/T","299900","NISSAUTO","NISSAUTO","3KPA34AC4PE542232","SNOW WHITE PEARL","YV- SNOW WHITE PEARL - 1 DUEÑO"
"90685","2016","60","S10 DOBLE CABINA","249900","MACROPLAZA","MACRO PLAZA","93C148VA1GC409664","BLANCO","IS - KM 237,124 - BLANCO - 3 DUEÑOS -"
"U4247","2018","60","AMAROK CD HIGH 132","469900","GRANAUTO","GRANAUTO","8AWDB22H8JA062020","BLANCO CANDY","ES - BLANCO - 1 DUEÑO"
"90642","2020","60","SENTRA ADVANCE CVT","309900","CABORCA NISSAUTO","CABORCA","3N1AB8AE6LY284643","ROJO MERLOT/NEGRO","FA- ROJO- CAB- 2 DUEÑOS"
"90674","2016","62","MARCH ADVANCE TM","139900","GRANAUTO","MACRO PLAZA","3N1CK3CD5GL225344","PLATA/NEGRO","IS - KM 237,000 - PLATA - NR FINANCE"
"90117","2024","62","SENTRA SR PLATINUM BITONO CVT PIEL","454900","PEÑASCO NISSAUTO","PUERTO  PEÑASCO","3N1AB8AE8RY237090","BITONO GRAFENO/CAMELLO","FA- BITONO- PCO- 1 DUEÑO"
"90678","2024","62","KICKS 1.6 PLAY ADVANCE AT","389900","GRANAUTO","MACRO PLAZA","3N8CP5HE1RL554822","ROJO BURDEOS/NEGRO","IS - KM 18,000 - ROJO BURDEOS - NR FINANCE"
"97998","2018","63","NP300 FRONTIER DIESEL LE 4X4 T/A","429900","NISSAUTO","NISSAUTO","3N6CD33B9JK875777","BLANCO","YV- BLANCO - 2 DUEÑOS"
"95537","2022","63","MARCH SENSE TM","229900","NOGALES NISSAUTO","MACRO PLAZA","3N1CK3CE0NL201040","ROJO BURDEOS","IS - KM 74,000 - ROJO BURDEOS - 1 DUEÑO"
"90672","2023","63","KWID OUTSIDER","209900","GRANAUTO","MACRO PLAZA","93Y1R6F51PJ474236","GRIS ESTRELLA","IS - KM 82,000 - GRIS ESTRELLA - NR FINANCE"
"90673","2023","63","MIRAGE G4 GLX CVT","229900","GRANAUTO","MACRO PLAZA","ML3AFT6J4PH004653","AZUL","IS - KM 141,000 - AZUL - NR FINANCE"
"95288","2024","63","FRONTIER DC DIESEL 4X4 TM","554900","NOGALES NISSAUTO","MACRO PLAZA","3N6CD33B7RK852753","BLANCO/NEGRO","JD-ACTIVO FIJO"
"U4293","2024","63","FRONTIER DC DIESEL 4X4 TM","569900","GRANAUTO","GRANAUTO","3N6CD33B7RK853501","BLANCO/NEGRO","ES - ACTIVO FIJO"
"90657","2018","64","NP300 PICK UP TM DH AC 6 VEL. PAQ. SEG","289900","MACROPLAZA","MACRO PLAZA","3N6AD31C0JK805118","PLATA/GRIS",""
"U4291","2018","64","NEW SPORTAGE LX","279900","GRANAUTO","MACRO PLAZA","KNDPM3NA5J7399762","SNOW WHITE PEARL","ES - BLANCO - 2 DUEÑOS"
"90642","2022","64","JOURNEY AUT 1.5 LTS TURBO","389900","GRANAUTO","MACRO PLAZA","LMWDT1G84N1111029","BLANCO","IS - JOURNEY AUT 1.5 LTS TURBO"
"90665","2022","64","CAVALIER PAQ A LS","239900","GRANAUTO","MACRO PLAZA","LSGKB5418N4052297","BLANCO","IS - KM 47,000 - BLANCO - 1 DUEÑO"
"90666","2022","64","CAVALIER PAQ B","259900","GRANAUTO","MACRO PLAZA","LSGKB5411NV031971","GRIS GRAFITO METALICO","IS - KM 48,000 - GRIS GRAFITO - 1 DUEÑO"
"90667","2022","64","CAVALIER C","289900","GRANAUTO","CANANEA","LSGKB5410NV005068","ROJO SCARLET","IS- KM 43,000 - ROJO SCARLET - 1 DUEÑO"
"90669","2022","64","CAVALIER RS PAQ","289900","GRANAUTO","QUIROGA","LSGKB5415NV002442","BLANCO/NEGRO CON ROJO","IS - KM 44,000 - BLANCO - 1 DUEÑO"
"90636","2023","64","JOURNEY 1.5 SXT AT","449900","GRANAUTO","MACRO PLAZA","LMWDT1G8XP1140506","PLATA","IS- JOURNEY PLATA - KM 43,000 - 1 DUEÑO"
"90637","2023","64","JOURNEY AUT 1.5 TURBO","449900","GRANAUTO","MACRO PLAZA","LMWDT1G81P1118460","PLATA","IS - JOURNEY PLATA - KM 40,000 - 1 DUEÑO"
"90638","2023","64","JOURNEY AUT 1.5 TURBO","449900","GRANAUTO","MACRO PLAZA","LMWDT1G82P1118063","AZUL BRILLANTE","IS- JOURNEY AZUL BRILLANTE - KM 43,000 - 1 DUEÑO"
"90639","2023","64","JOURNEY AUT. 1.5 LTS TURBO SPORT","449900","MACROPLAZA","CANANEA","LMWDT1G88P1120738","BLANCO","IS- JOURNEY BLANCO - KM 43,000 - 1 DUEÑO"
"90640","2023","64","JOURNEY AUT 1.5 LTS TURBO SPORT","439900","GRANAUTO","MACRO PLAZA","LMWDT1G87P1120715","BLANCO","IS- JOURNEY BLANCO - KM 400 - 1 DUEÑO"
"90643","2023","64","ONIX PAQ B LS","249900","GRANAUTO","AGUA PRIETA","LSGEN53A2PD074794","GRIS PLATINO","IS - ONIX GRIS - KM 42,000 - 1 DUEÑO"
"90660","2023","64","ONIX 1.0 PREMIER REDLINE AT","289900","GRANAUTO","MACRO PLAZA","LSGEN53AXPD001995","ROJO SCARLET","IS - KM 40,000 -  ROJO SCARLET - 1 DUEÑO"
"90661","2023","64","CAVALIER- PAO. B","289900","GRANAUTO","MACRO PLAZA","LSGKB5419PV000440","NEGRO ONIX","IS - KM 40,000 - NEGRO ONIX - 1 DUEÑO"
"90662","2023","64","CAVALIER RS C","309900","GRANAUTO","MACRO PLAZA","LSGKB5418PV000381","BLANCO","IS - KM 40,000 - BLANCO - 1 DUEÑO"
"90663","2023","64","CAVALIER PAQ C RS","309900","GRANAUTO","MACRO PLAZA","LSGKB5416PV000072","GRIS CENIZA","IS - KM 43,000 - GRIS CENIZA - 1 DUEÑO"
"90664","2023","64","CAVALIER PAQUETE C RS","309900","GRANAUTO","MACRO PLAZA","LSGKB5416PV000086","BLANCO","IS - KM 43,000 - BLANCO - 1 DUEÑO"
"U4288","2024","64","PATHFINDER PLATINUM 4WD","999900","GRANAUTO","NISSAUTO","5N1DR3MN4RC272069","ROJO CEREZA/NEGRO","ES - ACTIVO FIJO"
"12091","2020","66","VERSA ADVANCE CVT","259900","GUAYMAS","GUAYMAS","3N1CN8AE4LL868634","NARANJA SOLAR/GRIS CON NEGRO","EG - COLOR NARANJA - 1 DUEÑO"
"12089","2024","66","KICKS E-POWER PLATINUM MOTOR ELECTRICO","499900","GUAYMAS","GUAYMAS","MNTFP5CP1R6012706","AZUL ESPACIAL/NEGRO","EG - ACTIVO FIJO"
"90651","2021","67","NUEVO VENTO STARLINE TIPTRONIC","239900","MACROPLAZA","MACRO PLAZA","MEX5A2606MT147330","PLATA","IS - PLATA - KM 107MIL - OPTIMA"
"U4284","2021","67","ONIX 4 PTAS. LT","249900","GRANAUTO","GRANAUTO","3G1MA5E22ML118722","BLANCO","ES - BLANCO - 2 DUEÑOS"
"90645","2023","67","ONIX LS T/A","249900","MACROPLAZA","MACRO PLAZA","LSGEN53A1PD073460","GRIS PLATINO/NEGRO","IS - GRIS - KM42MIL - AVASA"
"90646","2023","67","ONIX LS T/A","249900","MACROPLAZA","CANANEA","LSGEN53A5PD047282","BLANCO /NEGRO","IS - BLANCO - KM42MIL - AVASA"
"90647","2023","67","ONIX LD T/S","249900","MACROPLAZA","MACRO PLAZA","LSGEN53A1PD047277","GRIS PLATINO/NEGRO","IS - GRIS - KM42MIL - AVASA"
"90649","2023","67","ONIX LS T/A","249900","MACROPLAZA","QUIROGA","LSGEN53A1PD047151","GRIS PLATINO/NEGRO","IS - GRIS - KM39MIL - AVASA"
"90668","2023","69","SENTRA  2.0 ADVANCE  CVT","387900","AGUA PRIETA NISSAUTO","AGUA PRIETA","3N1AB8AE6PY260039","ROJO BURDEOS/NEGRO","AGP-KL 1 DUEÑO COLOR ROJO BUERDEOS KM 29353"
"90667","2024","69","XTRAIL E-POWER PLATINUM 2 FILAS","894900","CABORCA NISSAUTO","CABORCA","JN8CT3MT2RW005645","ROJO BURDEOS/NEGRO","JD ACTIVO FIJO"
"90771","2024","69","KICKS E-POWER PLATINUM MOTOR ELECTRICO","499900","MACROPLAZA","MACRO PLAZA","MNTFP5CP6R6010269","AZUL ESPACIAL/NEGRO","JD- ACTIVO FIJO"
"95251","2024","69","KICKS PLATINUM CVT NEGRO","409900","NOGALES NISSAUTO","NISSAUTO","3N8CP5HE7RL540326","BLANCO PERLADO/NEGRO","JD ACTIVO FIJO"
"95252","2024","69","XTRAIL E-POWER PLATINUM 2 FILAS","894900","NOGALES NISSAUTO","GRANAUTO","JN8CT3MT9RW005464","BLANCO SATINADO/NEGRO","JD ACTIVO FIJO"
"95254","2024","69","KICKS E-POWER PLATINUM MOTOR ELECTRICO","569900","NOGALES NISSAUTO","NOGALES","MNTFP5CP2R6013329","AZUL ESPACIAL/NEGRO","JD ACTIVO FIJO"
"95255","2024","69","PATHFINDER PLATINUM 4WD","999900","NOGALES NISSAUTO","NOGALES","5N1DR3MN5RC283954","GRIS OXFORD/GRIS","JD ACTVO FIJO"
"95484","2024","69","FRONTIER PRO-4X 4X4 TA","714900","NOGALES NISSAUTO","NOGALES","3N6AD33B4RK842446","BLANCO/NEGRO","JD ACTIVO FIJO"
"95259","2025","69","XTRAIL PLATINUM PLUS 2 FILAS","829900","NOGALES NISSAUTO","NOGALES","JN8AT3MT2SW035385","GRIS VOLCANICO/NEGRO","UNIDAD DEMO, SEMINUEVOS"
"U4280","2020","70","NP300 CHASIS CAB. TM DH AC 6 V. PAQ SEG.","299900","GRANAUTO","GRANAUTO NUEVOS","3N6AD35A9LK818526","BLANCO/GRIS","ES - BLANCO - 1 DUEÑO"
"90663","2021","70","1500 BIGHORN MILD-HYBRID","769900","AGUA PRIETA NISSAUTO","CANANEA","1C6SRFFT1MN508531","GRIS/NEGRO","AGP-KL  1 DUEÑO COLOR GRIS KM 59524"
"97973","2024","70","KICKS E-POWER PLATINUM MOTOR ELECTRICO","499900","NISSAUTO","NISSAUTO","MNTFP5CPXR6013434","AZUL ESPACIAL/NEGRO","ACTIVO FIJO"
"95242","2019","73","XTRAIL EXCLUSIVE 3 FILAS","359900","NOGALES NISSAUTO","MAGDALENA","JN8BT27V0KW023604","ROJO/NEGRO","JD-ROJO-MAG- 1 DUEÑO"
"95236","2020","74","KICKS ADVANCE CVT A/C NEGRO","314900","NOGALES NISSAUTO","NOGALES","3N8CP5HD4LL494050","PLATA/NEGRO","JD-PLATA-NOG- 1 DUEÑO"
"90624","2017","75","CHEYENNE CREW CAB 4X4","489900","MACROPLAZA","MACRO PLAZA","3GCUK9EC8HG158175","PLATA  BRILLANTE","IS - KM 149,000 - PLATA - 2 DUEÑOS"
"95232","2017","75","SENTRA SENSE CVT","209900","NOGALES NISSAUTO","NOGALES","3N1AB7AD5HL602645","GRIS","JD-GRIS-NOG-3 DUEÑOS"
"90618","2017","76","ACADIA 3.6 DENALI V6 PIEL 7 PAS. AWD AT","339900","MACROPLAZA","MACRO PLAZA","1GKKN8LS6HZ119379","PLATA/NEGRO","IS - KM 140,000 - PLATA - 2 DUEÑOS"
"U4262","2017","76","KICKS SENSE T/M A/C","249900","GRANAUTO","GRANAUTO","3N8CP5HD0HL480394","NEGRO/NEGRO","ES - NEGRO - 1 DUEÑO"
"95223","2019","76","TERRAIN SUV DENALI","449900","NOGALES NISSAUTO","NOGALES","3GKAL8EX7KL347559","BLANCO/ARTEMISTA PLATINO","JD-BLANCO-NOG- 2 DUEÑOS"
"97963","2023","76","SENTRA SR BITONO CVT","409900","NISSAUTO","NISSAUTO","3N1AB8AE1PY232830","AZUL ZAFIRO/NEGRO","YV- AZUL ZAFIRO/NEGRO - 2 DUEÑOS"
"97970","2023","76","KICKS E-POWER PLATINUM","449900","NISSAUTO","NISSAUTO","MNTFP5CP5P6000443","BITONO BLANCO/NEGRO","YV- BITONO BLANCO/NEGRO - 2 DUEÑOS"
"97958","2020","77","XTRAIL ADVANCE 2 FILAS","379900","NISSAUTO","NISSAUTO","JN8BT27T1LW112825","BLANCO/NEGRO","YV- BLANCO/NEGRO - 1 DUEÑO"
"97955","2022","78","L200 GLX 4X2 PICK UP DOB CAB MAN","399900","NISSAUTO","CABORCA","MMBMLV5G2NH007546","STERLING SILVER METALLICO","YV- STERLING SILVER METALLICO - 2 DUEÑOS"
"U4257","2017","80","FRONTIER LE TM AC 6VEL","299900","GRANAUTO","MACRO PLAZA","3N6AD33A7HK868903","NARANJA IMPERIAL","ES- NARANJA -  4 DUEÑOS"
"U4254","2016","81","XTRAIL ADVANCE 2 FILAS","224900","GRANAUTO","MACRO PLAZA","JN8BT27T8GW510605","PLATA/NEGRO","ES -  PLATA - 2 DUEÑO"
"90606","2018","81","STEPWAY TREK TM 1","169900","MACROPLAZA","MACRO PLAZA","9FB562JB4JM581855","NEGRO NACARADO","BM - NEGRO - 1IMIL - NR FINANCE"
"12072","2020","81","C-HR AT","339900","GUAYMAS","GUAYMAS","NMTKH3BX3LR109338","ROJO /NEGRO","EG - COLOR ROJO - 1 DUEÑO"
"90609","2023","81","MARCH SENSE TM 2","239900","MACROPLAZA","MACRO PLAZA","3N1CK3CE6PL226480","BLANCO/NEGRO","BM - BLANCO/NEGRO - 95MIL - NR FINANCE"
"95210","2023","81","JEEP RENEGADE LATITUDE 1.8L AT","394900","NOGALES NISSAUTO","NOGALES","9886115NXPK500701","PLATA MARTILLADO","JD- PLATA-NOG- 1 DUEÑO"
"90607","2018","82","NP300-DBL CABINA 4X4 T/M AC PAQ","369900","MACROPLAZA","MACRO PLAZA","3N6CD33B3JK844203","BLANCO/GRIS","BM - BLANCO - KM 269,233 - 2 DUEÑOS"
"90629","2020","82","LOBO 5.0 XLT 4X2","634900","CABORCA NISSAUTO","CABORCA","1FTEW1C52LKF13180","ROJO","FA- ROJO- CAB- 1 DUEÑO"
"90605","2024","82","LOGAN INTENS CVT","259900","MACROPLAZA","MACRO PLAZA","9FB4SR4D5RM611695","BLANCO GLACIAR","BM - BLANCO - KM 32MIL - NR"
"U4251","2023","83","KICKS EXCLUSIVE CVT NEGRO","389900","GRANAUTO","GRANAUTO","3N8CP5HE9PL490770","PLATA/NEGRO","ES - PLATA - 1 DUEÑO"
"97948","2019","84","KICKS EXCLUSIVE XCT A/C NEGRO","309900","NISSAUTO","NISSAUTO","3N8CP5HE9KL488297","BLANCO/NEGRO","YV- BLANCO/NEGRO - 1 DUEÑO"
"U4248","2019","84","MAZDA 3 HB I GRAND TOURING TA","319900","GRANAUTO","GRANAUTO","JM1BPCML6K1143364","NEGRO CELESTE","ES - NEGRO - 5 DUEÑOS"
"90710","2024","84","KICKS E-POWER PLATINUM MOTOR ELECTRICO","499900","MACROPLAZA","MACRO PLAZA","MNTFP5CP3R6007944","AZUL ESPACIAL/NEGRO","JD-ACTIVO FIJO"
"90726","2024","84","KICKS E-POWER EXCLUSIVE MOTOR ELECTRICO","489900","MACROPLAZA","MACRO PLAZA","MNTFP5CP8R6008796","ROJO METALICO/NEGRO","JD-ACTIVO FIJO"
"90727","2024","84","KICKS E-POWER PLATINUM MOTOR ELECTRICO","499900","MACROPLAZA","MACRO PLAZA","MNTFP5CP5R6008013","ROJO METALICO/NEGRO","JD-ACTIVO FIJO"
"98065","2024","84","KICKS E-POWER PLATINUM MOTOR ELECTRICO","499900","NISSAUTO","SALA NISSAUTO","MNTFP5CP3R6008172","NEGRO LUNAR/NEGRO","JD-ACTIVO FIJO"
"90233","2016","87","SUBURBAN LT PAQ B""""","349900","CANANEA NISSAUTO","MITSU CHIHUA-SEMI","1GNSC8KCXGR263745","IRIDIO/METALICO","MITSU SEMINUEVOS"
"97944","2017","88","XTRAIL ADVANCE 2 FILAS","269900","NISSAUTO","NISSAUTO","JN8BT27T1HW041519","BLANCO/NEGRO","YV- BLANCO/NEGRO - 1 DUEÑO"
"90659","2020","88","NP300 FRONTIER PLATINUM LE TM AC","429900","MACROPLAZA","MACRO PLAZA","3N6AD33A5LK832510","BLANCO/NEGRO","BM - EXPEDIENTE EM MACROPLAZA"
"U4245","2020","88","VERSA PLATINUM CVT 1.6 LTS 118 HP","289900","GRANAUTO","MORELIA","3N1CN8AE5LL861885","NARANJA METALICO","ES - NARANJA - 1 DUEÑO"
"90601","2021","88","FORTE SEDAN IVT L","269900","MACROPLAZA","MACRO PLAZA","3KPF14BD3ME298958","SNOW WHITE PEARL PERLADO","BM - BLANCO - KM 89,000"
"97940","2023","88","KICKS","349900","NISSAUTO","NISSAUTO","3N8CP5HEXPL489918","BLANCO PERLADO/NEGRO",""
"95166","2015","89","PATHFINDER EXCLUSIVE","214900","NOGALES NISSAUTO","NOGALES","5N1AR2MN3FC703784","BLANCO/BEIGE","JD-BLANCO-NOG- 1 DUEÑO"
"90596","2019","89","MARCH ADVANCE TA","209900","MACROPLAZA","MACRO PLAZA","3N1CK3CD7KL227265","BLANCO/NEGRO","BM - BLANCO - 125MIL KM - 1 DUEÑO"
"U4234","2021","89","FRONTIER DC DIESEL 4X4 TM","439900","GRANAUTO","MACRO PLAZA","3N6CD33B4MK824806","PLATA","BM - PLATA - KM 107,684 - NAVER"
"U4228","2022","89","XPANDER 5 PTAS GLS AUTO 4 CIL","309900","GRANAUTO","MACRO PLAZA","MK2K6Y1Y8NN000630","RALLY RED/ NEGRO","BM - ROJO - KM 66,434 - NAVER"
"U4235","2023","89","FRONTIER V6 PRO-4X","789900","GRANAUTO","MACRO PLAZA","1N6ED1EK7PN666664","ROJO MAGMA/NEGRO","ES -ROJO - 1 DUEÑO"
"90592","2018","90","YUKON SUV DENALI D""""","569900","MACROPLAZA","MACRO PLAZA","1GKS27KJ0JR371632","BLANCO PLATINO","BM - BLANCO - KM 110,068 - 2 DUEÑOS"
"97912","2024","91","MARCH SENSE T/A","259900","NISSAUTO","BUSTAMANTE","3N1CK3CE8RL222417","BLANCO/NEGRO","ACTIVO FIJO"
"97926","2023","92","KICKS E-POWER PLATINUM MOTOR ELECTRICO","469900","NISSAUTO","NISSAUTO","MNTFP5CP2P6003199","BITONO BLANCO/NEGRO","YV- BITONO BLANCO/NEGRO - 1 DUEÑO"
"90184","2016","96","DUSTER EXPRESSION TA 2.0 LT","159900","MORELOS","MACRO PLAZA","9FBHS1AA0GM557331","BEIGE TIMBER","OV- 1 DUEÑO"
"90660","2020","96","NP300 DOBLE CABINA 2.5 S MT","389900","AGUA PRIETA NISSAUTO","AGUA PRIETA","3N6AD33A2LK830438","BLANCO/NEGRO","AGP -KL -1 DEUÑO COLOR BLANCO 12500 KM"
"U4208","2020","96","NP300 DOBLE CABINA S AC PAQ SEG","359900","GRANAUTO","CABORCA","3N6AD33A3LK803765","PLATA/GRIS","ES - PLATA - 1 DUEÑO"
"97899","2018","101","PATHFINDER EXCLUSIVE","369900","NISSAUTO","MACRO PLAZA","5N1AR2MN4JC603394","BLANCO","YV- BLANCO -  1 DUEÑO"
"90112","2018","102","XTRAIL EXCLUSIVE 2 FILAS","329900","PEÑASCO NISSAUTO","MACRO PLAZA","JN8BT27T9JW073737","BLANCO/NEGRO","FA- BLANCO- CAB- 2 DUEÑOS"
"12051","2025","102","X-TRAIL PLATINUM PLUS 2 FILAS","749900","GUAYMAS","GUAYMAS","JN8AT3MT5SW035428","GRIS VOLCANICO/NEGRO","EG - ACTIVO FIJO"
"95087","2017","103","SENTRA ADVANCE CVT","219900","NOGALES NISSAUTO","NOGALES","3N1AB7ADXHL614158","AZUL/NEGRO","JD- AZUL- NOG- 1 DUEÑO"
"95088","2018","103","KICKS EXCLUSIVE CVT A/C NEGRO","289900","NOGALES NISSAUTO","NOGALES","3N8CP5HEXJL492549","ROJO/NEGRO","JD- ROJO- NOG - 2 DUEÑOS"
"95093","2022","103","CAPTIVA SUV PAQ A LT","349900","NOGALES NISSAUTO","NOGALES","LZWLLNGL2NB015707","BLANCO /NEGRO","JD-BLANCO-NOG- 2 DUEÑOS"
"90230","2018","104","X-TRAIL 2.5 SENSE 2 ROW CVT","269900","CANANEA","CANANEA","JN8BT27T8JW090951","BLANCO/NEGRO","CAN-KL-2 DUEÑOS COLOR BLANCO KM 146958"
"90578","2024","104","MARCH SENSE T/A","259900","MACROPLAZA","NOGALES SEMINUEVOS","3N1CK3CE8RL229481","BLANCO/NEGRO","ES - ACTIVO FIJO"
"12039","2025","104","X-TRAIL E-POWER EXCLUSIVE 2 FILAS","734900","GUAYMAS","MACRO PLAZA","JN8CT3MT9SW008158","ROJO BURDEOS/NEGRO","EG - ACTIVO FIJO"
"90535","2019","105","TRANSIT PASAJEROS LARGA DIESEL A/A","399900","MACROPLAZA","MACRO PLAZA","WF06S5JP2KTA18644","BLANCO NIEVE SOLIDO","BM - BLANCO - KM 154,325 - 3 DUEÑOS"
"95075","2023","105","SENTRA ADVANCE CVT","359900","NOGALES NISSAUTO","MAGDALENA","3N1AB8AE0PY267388","PLATA SOLAR/NEGRO","JD-PLATA S- MAG- 1 DUEÑO"
"95071","2024","106","KICKS ADVANCE CVT NEGRO","419900","NOGALES NISSAUTO","MACRO PLAZA","3N8CP5HE2RL509680","ROJO BURDEOS/NEGRO","JD- ROJO B- NOG- 1 DUEÑO"
"90531","2023","108","KICKS E-POWER PLATINUM MOTOR ELECTRICO","429900","MACROPLAZA","MACRO PLAZA","MNTFP5CPXP6003242","BITONO BLANCO/NEGRO","BM - BLANCO - NR"
"90532","2023","108","KICKS E-POWER PLATINUM MOTOR ELECTRICO","429900","MACROPLAZA","MACRO PLAZA","MNTFP5CP1P6004523","BITONO BLANCO/NEGRO","BM - BLANCO - NR"
"90533","2023","108","KICKS E-POWER PLATINUM MOTOR ELECTRICO","429900","MACROPLAZA","MACRO PLAZA","MNTFP5CP7P6004722","BITONO BLANCO/NEGRO","BM - BLANCO - NR"
"97890","2024","108","FRONTIER PRO-4X 4X4 TA","699900","NISSAUTO","NISSAUTO","3N6AD33B9RK833046","ROJO /NEGRO","YV- ROJO/NEGRO"
"90658","2018","109","BEAT LTZ","149900","CABORCA NISSAUTO","MACRO PLAZA","MA6CC6CD1JT066479","GRIS ACERO","BM -  GRIS - KM 152MIL - 2 DUEÑOS"
"95063","2019","109","C-HR","339900","NOGALES NISSAUTO","NOGALES","NMTKH3BXXKR068401","ROJO","JD- ROJO-NOG- 1 DUEÑO"
"90709","2024","110","KICKS E-POWER PLATINUM MOTOR ELECTRICO","499900","MACROPLAZA","MACRO PLAZA","MNTFP5CP0R6008081","BLANCO SATINADO/NEGRO","ES - ACTIVO FIJO"
"95045","2022","116","XTRAIL ADVANCE 2 FILAS","459900","NOGALES NISSAUTO","NOGALES","JN8BT27T5NW131445","PLATA/NEGRO","JD- PLATA- NOG- 1 DUEÑO"
"90703","2023","116","KICKS E-POWER ADVANCE","399900","MACROPLAZA","SALA MORELOS","MNTFP5CP6P6001505","PLATA QUARTZ/NEGRO","OV- 1 DUEÑO CON IVA"
"90625","2018","119","F-150 5.0 V8 XL CREW CAB 4X2 AT","419900","MACROPLAZA","MACRO PLAZA","1FTEW1CB1JKF47498","BLANCO","KL-AGP-2 DEUÑOS COLOR BLANCO 124290KM"
"95005","2019","119","CAVALIER LS PAQ. A""""","199900","NOGALES NISSAUTO","MAGDALENA","LSGKB52H8KV044891","NEGRO ONIX","JD-NEGRO-MAG- 1 DUEÑO"
"U4162","2023","119","T6 PICKUP FRISON DOBLE CABINA T/M","359900","GRANAUTO","GRANAUTO","LJ11PAB53PC096659","BLANCO","ES - BLANCO - 1 DUEÑO"
"90249","2017","124","SENTRA  ADVANCE AT","220000","CANANEA NISSAUTO","AGUA PRIETA","3N1AB7AD1HL651258","BLANCO/GRIS","AGP-KL-1 DEUÑO COLOR BLANCO KM 88200"
"97843","2021","125","MAZDA 3 I SPORT SKYACTIV 6AT","349900","GRANAUTO","MACRO PLAZA","3MZBPCCL3MM219837","GRIS TITANIO","ES - GRIS - 1 DUEÑO"
"U4150","2022","125","KICKS EXCLUSIVE CVT NEGRO","389900","GRANAUTO","GRANAUTO","3N8CP5HE7NL480025","BLANCO/NEGRO","ES - BLANCO - 1 DUEÑO  CONSIGNA CONDICONADA VENDER EN 379,900 ASESGURAR 300K AL CLIENTE"
"90597","2023","126","XPANDER 5 PTAS GLS AUTO 4 CIL","334900","CABORCA NISSAUTO","AGUA PRIETA","MK2K6Y1Y4PN000711","QUARTZ WHITE PEARL","JD- WHITE- CAB - 1 DUEÑO"
"97830","2023","132","ALTIMA ADVANCE","499900","NISSAUTO","MORELIA","1N4BL4AP3PN340359","BLANCO/GRIS","YV- ACTIVO FIJO"
"12018","2023","133","CAPTIVA SUV LT PAQ B AUT","319900","GUAYMAS","MACRO PLAZA","LZWLLNGL7PB013874","NEGRO","EG - COLOR NEGRO - 1 DUEÑO"
"U4118","2024","133","XTRAIL E-POWER PLATINUM 2 FILAS","779900","GRANAUTO","GRANAUTO","JN8CT3MT9RW005576","BLANCO SATINADO/NEGRO","ES - BLANCO - 1 DUEÑO"
"97824","2021","136","ERTIGA GLX TA","289900","NISSAUTO","NISSAUTO","MHYNC22S0MJ110081","CHERRY","YV- CHERRY - 1 DUEÑO"
"U4123","2022","138","ATTITUDE SE AT M22","209900","MACROPLAZA","SALA MORELOS","ML3ABT6J0NH005095","BLANCO","BM - BLANCO - KM 69 MIL - NAVER"
"U4119","2017","139","GRAND CHEROKEE SUMMIT","499900","GRANAUTO","GRANAUTO","1C4RJFJT5HC609546","GRAFITO","ES - GRAFITO - 4 DUEÑOS"
"94766","2024","139","KICKS EXCLUSIVE CVT NEGRO","414900","NOGALES NISSAUTO","NOGALES","3N8CP5HE4RL581142","ROJO BURDEOS/NEGRO","JD- ROJO- NOG- 1 DUEÑO, CANAL ASIG. : ALLOCAT"
"12013","2018","140","LOBO LARIAT 4X4 CREW AUT","569900","GUAYMAS","MACRO PLAZA","1FTEW1EG6JKD27735","BLANCO /NEGRO","EG - COLOR BLANCO - 1 DUEÑO"
"90470","2024","140","MARCH SENSE T/A","259900","MACROPLAZA","GUAYMAS","3N1CK3CE7RL220528","BLANCO/NEGRO","ACTIVO FIJO"
"90594","2016","147","GOL CL STD 5 PTAS C/A","144900","CABORCA NISSAUTO","MAGDALENA","9BWAB05U9GP112359","BLANCO","PC-BLANCO-CAB-1 DUEÑO"
"U4099","2016","147","NP300 FRONTIER LE TM AC 6VEL","279900","GRANAUTO","MACRO PLAZA","3N6AD33A1GK874999","SUNRED/NEGRO","ES - SUNRED - 2 DUEÑOS"
"U4177","2016","147","XTRAIL ADVANCE 3 FILAS","199900","GRANAUTO","GRANAUTO SEMINUEVOS","JN8BT27T3GW513301","ROJO /NEGRO","ES - ROJO - 1 DUEÑO"
"U4105","2022","147","X-TRAIL SENSE 2 FILAS","389900","MACROPLAZA","CABORCA","JN8BT27T0NW132907","BLANCO/NEGRO","BM - BLANCO -  KM 82 MIL - NAVER"
"U4092","2023","147","MIRAGE G4 GLS CVT","239900","MACROPLAZA","MACRO PLAZA","ML3AFW6J0PH000889","ROJO","BM - ROJO - KM 83 MIL - NAVER"
"U4103","2023","147","ATTITUDE SE AT","229900","MACROPLAZA","MACRO PLAZA","ML3ABT6J2PH002203","GRIS GRAFITO","BM - GRIS - KM 53 MIL - NAVER"
"97672","2022","151","JAC J7 LIMITED CVT","274900","NISSAUTO","GUAYMAS","LJ12FKT33N4007268","BLANCO /NEGRO","YV- BLANCO/NEGRO - 1 DUEÑO"
"U3007","2017","152","CITY LX CVT","209900","GRANAUTO","MACRO PLAZA","MRHGM6641HP051394","NEGRO",""
"90398","2022","154","CORSAIR FWD T/A","639900","MACROPLAZA","SALA MORELOS","5LMCJ1C91NUL26862","BLANCO","BM -  BLANCO - KM 11 MIL - 2 DUEÑOS"
"U4219","2018","155","LOBO PLATINUM CREW CAB 4X4","599900","GRANAUTO","MACRO PLAZA","1FTEW1EG9JFA67517","BLANCO PLATINADO","ES - BANCO - 4 DUEÑOS"
"90390","2022","155","ATTITUDE SE AT","209900","MACROPLAZA","MACRO PLAZA","ML3ABT6J6NH005765","PLATA","BM - PLATA - KM 45 MIL - CARIBEÑA"
"90391","2022","155","ATTITUDE SE AT","209900","MACROPLAZA","MACRO PLAZA","ML3ABT6J3NH005902","GRAFITO","BM - GRAFITO - KM 43 MIL - CARIBEÑA"
"90392","2022","155","ATTITUDE SE AT","209900","MACROPLAZA","MACRO PLAZA","ML3ABT6J3NH005916","GRAFITO","BM - GRAFITO -KM 42 ML - CARIBEÑA"
"90393","2022","155","ATTITUDE SE AT","209900","MACROPLAZA","MACRO PLAZA","ML3ABT6J5NH005612","PLATA","BM - PLATA - KM 42 MIL - CARIBEÑA"
"97848","2020","158","KICKS SENSE 5P 1.6 LTS T/M A/C NEGRO","264900","NISSAUTO","SALA MORELOS","3N8CP5HD4LL475434","ROJO BURDEOS/NEGRO","OS- ROJO - 1 DUEÑO"
"U4058","2020","161","XTRAIL ADVANCE 3 FILAS","369900","GRANAUTO","MORELIA","JN8BT27T0LW112735","NEGRO/BEIGE","ES - NEGRO - 1 DUEÑO"
"97658","2024","165","ALTIMA EXCLUSIVE TURBO","629900","NISSAUTO","NISSAUTO","1N4AL4AP6RN379493","ROJO MERLOT/NEGRO","YV- ROJO MERLOT/NEGRO - 1 DUEÑO"
"90121","2023","167","FRONTIER LE TM","514900","MORELOS","NISSAUTO NUEVOS","3N6AD33A7PK825077","NARANJA COBRIZO","ZG - 1 DUEÑO - NARANJA IVA"
"90341","2016","168","500 1.4 TURBO AT","189900","MACROPLAZA","MACRO PLAZA","2FBCFADH3GZ037070","VERDE BOSCO","BM - VERDE - KM 132 MIL - NR FINANCE"
"94689","2017","168","XTRAIL SENSE 2 FILAS","219900","NOGALES NISSAUTO","MAGDALENA","JN8BT27T9HW033779","BLANCO/NEGRO","JD- BLANCO- MAG- 2 DUEÑOS"
"90516","2022","168","XTRAIL SENSE 2 FILAS","369900","MACROPLAZA","MACRO PLAZA","JN8BT27T4NW130691","PLATA/NEGRO","BM - PLATA - KM 116 MIL - NAVER"
"90308","2023","169","KWID 1.0 INTENS MT","199900","MACROPLAZA","MACRO PLAZA","93Y1R4F54PJ528889","BLANCO GLACIAR","BM - SELECT - BLANCO - KM 31 MIL - NR FINANCE"
"97633","2020","172","F100 RANGER XLT CREW CAB AT DIESEL 4X4","429900","NISSAUTO","MACRO PLAZA","8AF6R5DV6L6173244","BLANCO OXFORD","YV- BLANCO OXFORD 2 DUEÑOS"
"U4047","2024","172","KICKS E-POWER PLATINUM MOTOR ELECTRICO","459900","GRANAUTO","MACRO PLAZA","MNTFP5CP1R6005688","BLANCO PERLADO/NEGRO","ES-  BLANCO - 2 DUEÑOS - NO GRZ"
"U4006","2024","175","L200 4PTAS GLX DOB CAB 4X2","459900","GRANAUTO","MACRO PLAZA","MMBMLE5GXRH021944","IMPULSE BLUE METAL","ES - AZUL - 5 DUEÑOS"
"97649","2017","178","EXPEDITION XL MAX 4X2","274900","NISSAUTO","NISSAUTO","1FMJK1FT9HEA29464","PLATA","YV- PLATA - 2 DUEÑOS"
"90116","2021","182","SENTRA 2.0 ADVANCE CVT","329900","MORELOS","PUERTO  PEÑASCO","3N1AB8AEXMY307018","BLANCO/NEGRO","ZG - BLNCO - 1 DUEÑO"
"97611","2024","182","DUSTER INTENS TM 2024","299900","NISSAUTO","NISSAUTO","93YHSC15XRJ603229","CAFE CAOBA","YV- CAFE CAOBA - 1 DUEÑO"
"90196","2017","187","SEAT IBIZA REFERENCE TRP","179900","CANANEA NISSAUTO","MACRO PLAZA","VSSBC26J1HR070527","BLANCO/NEVADA","CAN-KL-1 DUEÑO COLOR BLANCO KM 128,000"
"U4379","2017","187","GLC 300 OFF ROAD","329900","GRANAUTO","GRANAUTO","WDC0G4KB7HF201091","NEGRO OBSIDIANA METALIZAD","ES - NEGRO - 2 DUEÑOS"
"90281","2022","188","CAPTIVA PAQ B LT","319900","MACROPLAZA","MACRO PLAZA","LZWLLNGL0NB019965","BLANCO","BM - BLANCO - KM 50MIL - 2 DUEÑOS"
"90280","2020","193","JEEP COMPASS LIMITED 4X2 ATX6 2.4L","359900","MACROPLAZA","MACRO PLAZA","3C4NJCCB5LT158536","BLANCO PERLA","BM - BLANCO - KM 88,000 - 2 DUEÑOS"
"90317","2021","194","XTRAIL SENSE 3 FILAS","359900","MACROPLAZA","MACRO PLAZA","JN8BT27T3MW129854","PLATA/NEGRO","BM -  SELECT - PLATA - KM PEND - NAVER"
"90328","2018","200","MONTERO SPORT ADVANCE 4X2","359900","MACROPLAZA","MACROPLAZA","MMEMC71X5KH000543","BLANCO PERLA","ES -- BLANCO - 1 DUEÑO"
"97543","2023","200","L200 4PTAS GLX DOB CAB 4X2 MAN","429900","NISSAUTO","MORELIA","MMBMLV5G9PH065155","STERLING SILVER","YV- STERLING SILVER - 1 DUEÑO"
"U3942","2020","201","XTRAIL ADVANCE 2 FILAS","369900","GRANAUTO","GRANAUTO","JN8BT27T7LW116894","PLATA/NEGRO","ES - PLATA - KM 63,154 - 1 DUEÑO"
"90237","2021","214","TAOS COMFORTLINE TIPTRONIC","349900","MACROPLAZA","MACRO PLAZA","3VVHB6B23MM002781","BLANCO PURO","BM - BLANCO - 1 DUEÑO ARRENDAMIENTO"
"90228","2023","214","STEPWAY INTENS CVT MY","249900","MACROPLAZA","MACRO PLAZA","9FB5R2VD0PM318693","BLANCO GLACIAR","BM -  SELECT - BLANCO - 1 DUEÑO ARRENDAMIENTO"
"90229","2023","214","STEPWAY INTENS CVT-18.70","249900","MACROPLAZA","MACRO PLAZA","9FB5R2VD5PM283052","GRIS ESTRELLA","BM - SELECT - GRIS - 1 DUEÑO ARRENDAMIENTO"
"90232","2023","214","KOLEOS ICONIC CVT","429900","MACROPLAZA","MACRO PLAZA","VF1HR3NB9PC376014","GRIS TORNADO","BM - GRIS - 1 DUEÑO ARRENDAMIENTO"
"90233","2023","214","KOLEOS ICONIC CVT","429900","MACROPLAZA","MACRO PLAZA","VF1HR3NB9PC376160","BLANCO PERLA","BM - BLANCO - 1 DUEÑO ARRENDAMIENTO"
"90234","2023","214","KOLEOS ICONIC CVT","429900","MACROPLAZA","MACRO PLAZA","VF1HR3NB5PC379086","GRIS TORNADO","BM - SELECT - GRIS - 1 DUEÑO ARRENDAMIENTO"
"U3922","2018","215","NP300 FRONTIER LE TM AC 6 VEL","329900","GRANAUTO","GRANAUTO","3N6AD33A6JK906501","NARANJA IMPERIA","ES - NARANJA - 2 DUEÑOS"
"90215","2022","215","DUSTER INTENS TM MY","229900","MACROPLAZA","MACRO PLAZA","93YHSB159NJ140536","GRIS ESTRELLA","BM - GRIS - 1 DUEÑO ARRENDAMIENTO"
"90217","2022","215","DUSTER INTENS TM MY","229900","MACROPLAZA","MACRO PLAZA","93YHSB158NJ140513","GRIS ESTRELLA","BM - GRIS -  1 DUEÑO ARRENDAMIENTO"
"90223","2022","215","STEPWAY INTENS CVT","239900","MACROPLAZA","MACRO PLAZA","9FB5R2VD4NM111253","GRIS ESTRELLA","BM - SELECT -GRIS - 1 DUEÑO ARRENDAMIENTO"
"90214","2023","215","DUSTER ICONIC CVT","289900","MACROPLAZA","MACRO PLAZA","93YHSCCXXPJ320745","GRIS CASSIOPEE","BM - GRIS - 1 DUEÑO ARRENDAMIENTO"
"90221","2023","215","DUSTER ICONIC CVT","289900","MACROPLAZA","MACRO PLAZA","93YHSCCXXPJ320731","GRIS CASSIOPEE","BM - GRIS - 1 DUEÑO ARRENDAMIENTO"
"90222","2023","215","DUSTER ICONIC CVT","289900","MACROPLAZA","MACRO PLAZA","93YHSCCX1PJ320813","ROJO FUEGO","BM - ROJO - 1 DUEÑO ARRENDAMIENTO"
"90224","2023","215","STEPWAY INTENS CVT MY","249900","MACROPLAZA","MACRO PLAZA","9FB5R2VDOPM235880","BEIGE DUNA","BM -  SELECT -BEIGE - 1 DUEÑO ARRENDAMIENTO"
"90225","2023","215","STEPWAY INTENS CVT","249900","MACROPLAZA","GUAYMAS","9FB5R2VD2PM235881","BEIGE DUNA","BM - BEIGE - 1 DUEÑO ARRENDAMIENTO"
"90226","2023","215","STEPWAY INTENS CVT MY","249900","MACROPLAZA","MACRO PLAZA","9FB5R2VD2PM235864","BEIGE DUNA","BM - SELECT - BEIGE - 1 DUEÑO ARRENDAMIENTO"
"90193","2022","217","ATTITUDE SE AT","189900","MACROPLAZA","MACRO PLAZA","ML3ABT6J9NH005855","GRAFITO","BM -  SELECT - GRAFITO - 1 DUEÑO ARRENDAMIENTO"
"90196","2022","217","ATTITUDE SE AT","189900","MACROPLAZA","MACRO PLAZA","ML3ABT6J1NH006224","GRAFITO","BM - GRAFITO - 1 DUEÑO ARRENDAMIENTO"
"90205","2022","217","ATTITUDE SE AT","189900","MACROPLAZA","MACRO PLAZA","ML3ABT6J9NH005712","PLATA","BM - SELECT - PLATA - 1 DUEÑO ARRENDAMIENTO"
"90206","2022","217","ATTITUDE SE AT","189900","MACROPLAZA","MACRO PLAZA","ML3ABT6J8NH005619","PLATA","BM - PLATA - 1 DUEÑO ARRENDAMIENTO"
"90207","2023","217","ATTITUDE SE AT","209900","MACROPLAZA","MACRO PLAZA","ML3ABT6J1PH001141","BLANCO","BM - BLANCO - 1 DUEÑO ARRENDAMIENTO"
"90187","2022","218","ATTITUDE SE AT","199900","MACROPLAZA","MACRO PLAZA","ML3ABT6J6NH005604","PLATA","BM - PLATA - 1 DUEÑO ARRENDAMIENTO"
"90159","2022","220","AVEO PAQ A LS","209900","MACROPLAZA","MACRO PLAZA","LSGHD52H8ND089103","GRIS SATIN/NEGRO","BM - GRIS - 1 DUEÑO ARRENDAMIENTO"
"90178","2022","220","ATTITUDE SE AT","189900","MACROPLAZA","MACRO PLAZA","ML3ABT6J4NH005634","PLATA","BM - SELECT - PLATA - 1 DUEÑO ARRENDAMIENTO"
"90180","2022","220","ERTIGA GLS A/T 4 VEL 1.5 LT 4 CIL","259900","MACROPLAZA","MACRO PLAZA","MHYNC22S7NJ116462","PLATA METALICO/NEGRO","BM - PLATA - 1 DUEÑO ARRENDAMIENTO"
"90160","2023","220","ATTITUDE SE AT","209900","MACROPLAZA","GUAYMAS","ML3ABT6J4PH001327","BLANCO","BM - BLANCO - 1 DUEÑO ARRENDAMIENTO"
"95380","2023","220","MIRAGE G4 GLX CVT","199900","NOGALES NISSAUTO","MACRO PLAZA","ML3AFT6J0PH003127","TITANIUM GREY METALL","BM - GRIS - 1 DUEÑO ARRENDAMIENTO"
"97477","2018","221","AUDI A3 SEDAN 1.4 TFSI COD SELECT 150HP","299900","NISSAUTO","NISSAUTO","WAUAYJ8VXJ1035401","ROJO TANGO METALIZADO","ES - ROJO - 3DUEÑOS"
"11895","2020","243","NP300 FRONTIER LE DIESEL 4X4 AT","419900","GUAYMAS","MACROPLAZA","3N6CD33B6LK808461","BLANCO/NEGRO","COLOR BLANCO/NEGRO/KM PTE/1 DUEÑO"
"90797","2022","246","ATTITUDE SE AT","189900","MACROPLAZA","MACRO PLAZA","ML3ABT6J1NH006174","BLANCO","BM - BLANCO - 1 DUEÑO ARRENDAMIENTO"
"90118","2023","246","ATTITUDE SE AT","199900","MACROPLAZA","MACRO PLAZA","ML3ABT6J3PH001464","BLANCO","BM - BLANCO - 1 DUEÑO ARRENDAMIENTO"
"97455","2017","257","ESCAPE TITANIUM 2.0L","214900","NISSAUTO","NISSAUTO","WF0CP6B96H1C01723","GRIS ACERO/GRIS","YV - GRIS - KM 88MIL - 4DUEÑOS"
"97409","2023","264","BESTUNE T99","499900","NISSAUTO","NISSAUTO","LFBGE6077PJK04045","NEGRO","ACTIVO FIJO"
"90144","2024","271","L200 GLX DOB CAB 4X4 MAN DIESEL","589900","MACROPLAZA","MACRO PLAZA","MMBNLF567RH020610","PLATA","BM  - MITSU"
"90103","2017","272","TERRAIN SLT B""""","264900","MACROPLAZA","MACRO PLAZA","2GKFL8E36H6199498","ROJO CARMIN/CAFE OBSCURO","BM - ROJO - 2 DUEÑOS - KM 52,288"
"11864","2017","273","KICKS SENSE T/M","189900","GUAYMAS","GUAYMAS","3N8CP5HD7HL480005","ROJO/NEGRO","COLOR ROJO/KM PTE/1 DUEÑO"
"98050","2017","274","SENTRA ADVANCE CVT","179900","NISSAUTO","NOGALES","3N1AB7AD7HL702567","GRIS/ NEGRO","JD- NOG- GRIS- KM 139,000- 1 DUEÑO, CANAL ASIG. : ASIGNAC"
"U3785","2023","298","KICKS E - POWER PLATINUM MOTOR ELECTRICO","429900","GRANAUTO","MACROPLAZA","MNTFP5CP9P6004382","BLANCO SATINADO","YV- BLANCO SATINADO - 100KM - ACTIVO FIJO"
"90077","2019","301","GRAND CARAVAN SE AT","184900","MACROPLAZA","MACRO PLAZA","2C4RDGBG7KR538881","PLATA","BM - KM PEND - NAVER"
"97296","2024","311","KICKS E-POWER PLATINUM MOTRO ELECTRICO","449900","NISSAUTO","MACRO PLAZA","MNTFP5CP4R6007497","PLATA QUARTZ/NEGRO","YV- PLATA QUARTZ/NEGRO - 1 KM - 1 DUEÑO"
"97297","2024","311","KICKS E POWER PLATINUM MOTOR ELECTRICO","449900","NISSAUTO","MACROPLAZA","MNTFP5CPXR6007360","PLATA QUARTZ/NEGRO","YV- PLATA QUARTZ/NEGRO - 1 KM - 1 DUEÑO"
"97298","2024","311","KICKS E -POWER PLATINUM MOTOR ELECTRICO","449900","NISSAUTO","MACRO PLAZA","MNTFP5CP9R6006958","PLATA QUARTZ/NEGRO","YV- PLATA QUARTZ/NEGRO - 1 KM - 1DUEÑO"
"97299","2024","311","KICKS E POWER PLATINUM MOTOR ELECTRICO","449900","NISSAUTO","GUAYMAS SEMINUEVOS","MNTFP5CP4R6006656","PLATA QUARTZ/NEGRO","YV- PLATA QUARTZ/NEGRO - 1 KM - 1 DUEÑO"
"90487","2018","343","RENEGADE LATITUDE 4X2","239900","MACROPLAZA","MACRO PLAZA","988611569JK146671","COLORADO  RED","AGP-KL-2 DUEÑOS -60562, ROJO BONO 3MIL"
"90598","2023","363","XTRAIL E-POWER EXCLUSIVE 2 FILAS","599900","AGUA PRIETA NISSAUTO","NOGALES","JN8CT3MT2PW000412","BLANCO SATINADO/BEIGE","KL-AG-1 DUEÑO COLOR BALNCO -KM29810"
"90673","2017","381","MARCH SENSE T/A","169900","AGUA PRIETA NISSAUTO","MACRO PLAZA","3N1CK3CD3HL245349","BLANCO/NEGRO","BLANCO/NBEGRO, KM PDTE, 1 DUEÑO"
"90215","2018","516","QX80 5.6 PERFECTION","539900","MORELOS","MORELIA","JN1AZ28C4J9030090","AZUL  INDIGO","BM-  AZUL - KM  - 3 DUEÑOS"
"95390","2019","1182","X3 M40IA","899900","NISSAUTO","NISSAUTO","WBATS3100KLC20828","BLANCO",""